split,sensor,hour,n_slots,missing_ratio,present_ratio,mean_row_count
test,ch2025_mACStatus,0,250,0.024,0.976,56.348
test,ch2025_mACStatus,1,250,0.04,0.96,55.932
test,ch2025_mACStatus,2,250,0.048,0.952,55.612
test,ch2025_mACStatus,3,250,0.052,0.948,54.936
test,ch2025_mACStatus,4,250,0.048,0.952,55.252
test,ch2025_mACStatus,5,250,0.06,0.94,54.856
test,ch2025_mACStatus,6,250,0.06,0.94,54.732
test,ch2025_mACStatus,7,250,0.052,0.948,54.104
test,ch2025_mACStatus,8,250,0.052,0.948,55.124
test,ch2025_mACStatus,9,250,0.036,0.964,55.84
test,ch2025_mACStatus,10,250,0.036,0.964,56.092
test,ch2025_mACStatus,11,250,0.028,0.972,56.276
test,ch2025_mACStatus,12,250,0.016,0.984,57.036
test,ch2025_mACStatus,13,250,0.016,0.984,56.548
test,ch2025_mACStatus,14,250,0.016,0.984,56.272
test,ch2025_mACStatus,15,250,0.02,0.98,56.952
test,ch2025_mACStatus,16,250,0.02,0.98,56.3
test,ch2025_mACStatus,17,250,0.016,0.984,57.2
test,ch2025_mACStatus,18,250,0.012,0.988,57.508
test,ch2025_mACStatus,19,250,0.02,0.98,57.196
test,ch2025_mACStatus,20,250,0.032,0.968,55.652
test,ch2025_mACStatus,21,250,0.036,0.964,55.48
test,ch2025_mACStatus,22,250,0.024,0.976,55.852
test,ch2025_mACStatus,23,250,0.032,0.968,56.296
test,ch2025_mActivity,0,250,0.024,0.976,57.548
test,ch2025_mActivity,1,250,0.04,0.96,57.068
test,ch2025_mActivity,2,250,0.048,0.952,56.604
test,ch2025_mActivity,3,250,0.052,0.948,56.596
test,ch2025_mActivity,4,250,0.048,0.952,56.364
test,ch2025_mActivity,5,250,0.06,0.94,56.024
test,ch2025_mActivity,6,250,0.06,0.94,55.832
test,ch2025_mActivity,7,250,0.052,0.948,55.968
test,ch2025_mActivity,8,250,0.052,0.948,56.24
test,ch2025_mActivity,9,250,0.036,0.964,57.144
test,ch2025_mActivity,10,250,0.036,0.964,57.284
test,ch2025_mActivity,11,250,0.028,0.972,57.736
test,ch2025_mActivity,12,250,0.016,0.984,58.18
test,ch2025_mActivity,13,250,0.016,0.984,57.98
test,ch2025_mActivity,14,250,0.016,0.984,58.072
test,ch2025_mActivity,15,250,0.02,0.98,58.284
test,ch2025_mActivity,16,250,0.02,0.98,57.776
test,ch2025_mActivity,17,250,0.016,0.984,58.428
test,ch2025_mActivity,18,250,0.012,0.988,58.732
test,ch2025_mActivity,19,250,0.02,0.98,58.116
test,ch2025_mActivity,20,250,0.032,0.968,56.876
test,ch2025_mActivity,21,250,0.036,0.964,56.868
test,ch2025_mActivity,22,250,0.024,0.976,57.156
test,ch2025_mActivity,23,250,0.032,0.968,57.44
test,ch2025_mAmbience,0,250,0.04,0.96,28.524
test,ch2025_mAmbience,1,250,0.044,0.956,28.452
test,ch2025_mAmbience,2,250,0.052,0.948,28.28
test,ch2025_mAmbience,3,250,0.052,0.948,28.348
test,ch2025_mAmbience,4,250,0.064,0.936,27.792
test,ch2025_mAmbience,5,250,0.068,0.932,27.8
test,ch2025_mAmbience,6,250,0.064,0.936,27.736
test,ch2025_mAmbience,7,250,0.064,0.936,27.856
test,ch2025_mAmbience,8,250,0.072,0.928,27.772
test,ch2025_mAmbience,9,250,0.052,0.948,28.032
test,ch2025_mAmbience,10,250,0.052,0.948,28.208
test,ch2025_mAmbience,11,250,0.036,0.964,28.736
test,ch2025_mAmbience,12,250,0.036,0.964,28.768
test,ch2025_mAmbience,13,250,0.024,0.976,28.848
test,ch2025_mAmbience,14,250,0.032,0.968,28.812
test,ch2025_mAmbience,15,250,0.02,0.98,29.02
test,ch2025_mAmbience,16,250,0.032,0.968,28.616
test,ch2025_mAmbience,17,250,0.032,0.968,28.824
test,ch2025_mAmbience,18,250,0.016,0.984,29.28
test,ch2025_mAmbience,19,250,0.028,0.972,29.048
test,ch2025_mAmbience,20,250,0.036,0.964,28.188
test,ch2025_mAmbience,21,250,0.048,0.952,28.256
test,ch2025_mAmbience,22,250,0.044,0.956,28.144
test,ch2025_mAmbience,23,250,0.044,0.956,28.472
test,ch2025_mBle,0,250,0.644,0.356,0.94
test,ch2025_mBle,1,250,0.744,0.256,0.732
test,ch2025_mBle,2,250,0.804,0.196,0.58
test,ch2025_mBle,3,250,0.848,0.152,0.464
test,ch2025_mBle,4,250,0.872,0.128,0.328
test,ch2025_mBle,5,250,0.864,0.136,0.288
test,ch2025_mBle,6,250,0.744,0.256,0.448
test,ch2025_mBle,7,250,0.572,0.428,0.928
test,ch2025_mBle,8,250,0.408,0.592,1.528
test,ch2025_mBle,9,250,0.384,0.616,1.64
test,ch2025_mBle,10,250,0.424,0.576,1.532
test,ch2025_mBle,11,250,0.328,0.672,1.708
test,ch2025_mBle,12,250,0.28,0.72,1.968
test,ch2025_mBle,13,250,0.392,0.608,1.656
test,ch2025_mBle,14,250,0.308,0.692,1.8
test,ch2025_mBle,15,250,0.328,0.672,1.94
test,ch2025_mBle,16,250,0.316,0.684,2.02
test,ch2025_mBle,17,250,0.316,0.684,2.18
test,ch2025_mBle,18,250,0.328,0.672,1.984
test,ch2025_mBle,19,250,0.412,0.588,1.504
test,ch2025_mBle,20,250,0.424,0.576,1.468
test,ch2025_mBle,21,250,0.424,0.576,1.588
test,ch2025_mBle,22,250,0.328,0.672,1.86
test,ch2025_mBle,23,250,0.508,0.492,1.476
test,ch2025_mGps,0,250,0.1,0.9,47.104
test,ch2025_mGps,1,250,0.124,0.876,46.204
test,ch2025_mGps,2,250,0.148,0.852,45.464
test,ch2025_mGps,3,250,0.176,0.824,45.968
test,ch2025_mGps,4,250,0.184,0.816,45.392
test,ch2025_mGps,5,250,0.188,0.812,45.848
test,ch2025_mGps,6,250,0.152,0.848,47.204
test,ch2025_mGps,7,250,0.136,0.864,46.728
test,ch2025_mGps,8,250,0.132,0.868,47.196
test,ch2025_mGps,9,250,0.1,0.9,48.144
test,ch2025_mGps,10,250,0.1,0.9,48.18
test,ch2025_mGps,11,250,0.1,0.9,48.64
test,ch2025_mGps,12,250,0.08,0.92,49.672
test,ch2025_mGps,13,250,0.084,0.916,49.3
test,ch2025_mGps,14,250,0.08,0.92,49.628
test,ch2025_mGps,15,250,0.084,0.916,50.924
test,ch2025_mGps,16,250,0.084,0.916,50.776
test,ch2025_mGps,17,250,0.08,0.92,50.904
test,ch2025_mGps,18,250,0.084,0.916,48.516
test,ch2025_mGps,19,250,0.092,0.908,46.14
test,ch2025_mGps,20,250,0.1,0.9,45.552
test,ch2025_mGps,21,250,0.112,0.888,47.684
test,ch2025_mGps,22,250,0.08,0.92,48.948
test,ch2025_mGps,23,250,0.084,0.916,49.428
test,ch2025_mLight,0,250,0.028,0.972,5.708
test,ch2025_mLight,1,250,0.052,0.948,5.652
test,ch2025_mLight,2,250,0.056,0.944,5.628
test,ch2025_mLight,3,250,0.064,0.936,5.6
test,ch2025_mLight,4,250,0.052,0.948,5.644
test,ch2025_mLight,5,250,0.06,0.94,5.62
test,ch2025_mLight,6,250,0.064,0.936,5.592
test,ch2025_mLight,7,250,0.052,0.948,5.628
test,ch2025_mLight,8,250,0.052,0.948,5.644
test,ch2025_mLight,9,250,0.036,0.964,5.732
test,ch2025_mLight,10,250,0.036,0.964,5.748
test,ch2025_mLight,11,250,0.028,0.972,5.796
test,ch2025_mLight,12,250,0.016,0.984,5.844
test,ch2025_mLight,13,250,0.02,0.98,5.812
test,ch2025_mLight,14,250,0.016,0.984,5.852
test,ch2025_mLight,15,250,0.02,0.98,5.864
test,ch2025_mLight,16,250,0.02,0.98,5.812
test,ch2025_mLight,17,250,0.016,0.984,5.876
test,ch2025_mLight,18,250,0.012,0.988,5.888
test,ch2025_mLight,19,250,0.02,0.98,5.832
test,ch2025_mLight,20,250,0.028,0.972,5.74
test,ch2025_mLight,21,250,0.036,0.964,5.732
test,ch2025_mLight,22,250,0.024,0.976,5.752
test,ch2025_mLight,23,250,0.032,0.968,5.76
test,ch2025_mScreenStatus,0,250,0.024,0.976,56.056
test,ch2025_mScreenStatus,1,250,0.04,0.96,55.828
test,ch2025_mScreenStatus,2,250,0.048,0.952,55.288
test,ch2025_mScreenStatus,3,250,0.052,0.948,55.852
test,ch2025_mScreenStatus,4,250,0.048,0.952,55.532
test,ch2025_mScreenStatus,5,250,0.06,0.94,54.932
test,ch2025_mScreenStatus,6,250,0.06,0.94,53.992
test,ch2025_mScreenStatus,7,250,0.052,0.948,54.364
test,ch2025_mScreenStatus,8,250,0.052,0.948,54.868
test,ch2025_mScreenStatus,9,250,0.036,0.964,55.944
test,ch2025_mScreenStatus,10,250,0.036,0.964,56.552
test,ch2025_mScreenStatus,11,250,0.028,0.972,56.44
test,ch2025_mScreenStatus,12,250,0.016,0.984,56.912
test,ch2025_mScreenStatus,13,250,0.016,0.984,56.52
test,ch2025_mScreenStatus,14,250,0.016,0.984,57.436
test,ch2025_mScreenStatus,15,250,0.02,0.98,57.264
test,ch2025_mScreenStatus,16,250,0.02,0.98,56.004
test,ch2025_mScreenStatus,17,250,0.016,0.984,57.044
test,ch2025_mScreenStatus,18,250,0.012,0.988,57.768
test,ch2025_mScreenStatus,19,250,0.02,0.98,56.652
test,ch2025_mScreenStatus,20,250,0.032,0.968,55.98
test,ch2025_mScreenStatus,21,250,0.036,0.964,55.696
test,ch2025_mScreenStatus,22,250,0.024,0.976,55.504
test,ch2025_mScreenStatus,23,250,0.032,0.968,56.212
test,ch2025_mUsageStats,0,250,0.384,0.616,1.84
test,ch2025_mUsageStats,1,250,0.496,0.504,1.384
test,ch2025_mUsageStats,2,250,0.6,0.4,1.1
test,ch2025_mUsageStats,3,250,0.676,0.324,0.816
test,ch2025_mUsageStats,4,250,0.792,0.208,0.468
test,ch2025_mUsageStats,5,250,0.704,0.296,0.672
test,ch2025_mUsageStats,6,250,0.512,0.488,1.164
test,ch2025_mUsageStats,7,250,0.296,0.704,2.092
test,ch2025_mUsageStats,8,250,0.208,0.792,3.316
test,ch2025_mUsageStats,9,250,0.136,0.864,3.472
test,ch2025_mUsageStats,10,250,0.1,0.9,3.672
test,ch2025_mUsageStats,11,250,0.104,0.896,3.924
test,ch2025_mUsageStats,12,250,0.056,0.944,4.012
test,ch2025_mUsageStats,13,250,0.064,0.936,3.788
test,ch2025_mUsageStats,14,250,0.056,0.944,3.8
test,ch2025_mUsageStats,15,250,0.076,0.924,3.82
test,ch2025_mUsageStats,16,250,0.068,0.932,3.836
test,ch2025_mUsageStats,17,250,0.084,0.916,4.028
test,ch2025_mUsageStats,18,250,0.04,0.96,3.848
test,ch2025_mUsageStats,19,250,0.128,0.872,3.124
test,ch2025_mUsageStats,20,250,0.1,0.9,3.16
test,ch2025_mUsageStats,21,250,0.132,0.868,3.068
test,ch2025_mUsageStats,22,250,0.132,0.868,3.088
test,ch2025_mUsageStats,23,250,0.208,0.792,2.504
test,ch2025_mWifi,0,250,0.116,0.884,4.212
test,ch2025_mWifi,1,250,0.164,0.836,3.92
test,ch2025_mWifi,2,250,0.228,0.772,3.712
test,ch2025_mWifi,3,250,0.264,0.736,3.56
test,ch2025_mWifi,4,250,0.26,0.74,3.568
test,ch2025_mWifi,5,250,0.268,0.732,3.708
test,ch2025_mWifi,6,250,0.168,0.832,4.268
test,ch2025_mWifi,7,250,0.144,0.856,4.612
test,ch2025_mWifi,8,250,0.136,0.864,4.8
test,ch2025_mWifi,9,250,0.108,0.892,4.868
test,ch2025_mWifi,10,250,0.096,0.904,4.932
test,ch2025_mWifi,11,250,0.1,0.9,4.952
test,ch2025_mWifi,12,250,0.064,0.936,5.112
test,ch2025_mWifi,13,250,0.084,0.916,4.984
test,ch2025_mWifi,14,250,0.076,0.924,5.096
test,ch2025_mWifi,15,250,0.088,0.912,5.02
test,ch2025_mWifi,16,250,0.096,0.904,5.028
test,ch2025_mWifi,17,250,0.084,0.916,5.108
test,ch2025_mWifi,18,250,0.08,0.92,4.864
test,ch2025_mWifi,19,250,0.1,0.9,4.528
test,ch2025_mWifi,20,250,0.1,0.9,4.52
test,ch2025_mWifi,21,250,0.108,0.892,4.788
test,ch2025_mWifi,22,250,0.084,0.916,4.936
test,ch2025_mWifi,23,250,0.084,0.916,4.772
test,ch2025_wHr,0,250,0.804,0.196,7.136
test,ch2025_wHr,1,250,0.82,0.18,5.924
test,ch2025_wHr,2,250,0.84,0.16,4.572
test,ch2025_wHr,3,250,0.856,0.144,3.308
test,ch2025_wHr,4,250,0.884,0.116,2.484
test,ch2025_wHr,5,250,0.816,0.184,4.16
test,ch2025_wHr,6,250,0.776,0.224,5.892
test,ch2025_wHr,7,250,0.644,0.356,9.064
test,ch2025_wHr,8,250,0.408,0.592,22.64
test,ch2025_wHr,9,250,0.352,0.648,31.356
test,ch2025_wHr,10,250,0.272,0.728,36.288
test,ch2025_wHr,11,250,0.216,0.784,41.232
test,ch2025_wHr,12,250,0.192,0.808,43.108
test,ch2025_wHr,13,250,0.168,0.832,43.636
test,ch2025_wHr,14,250,0.156,0.844,43.96
test,ch2025_wHr,15,250,0.148,0.852,44.688
test,ch2025_wHr,16,250,0.152,0.848,43.916
test,ch2025_wHr,17,250,0.212,0.788,40.932
test,ch2025_wHr,18,250,0.276,0.724,35.288
test,ch2025_wHr,19,250,0.348,0.652,31.476
test,ch2025_wHr,20,250,0.42,0.58,26.196
test,ch2025_wHr,21,250,0.516,0.484,21.584
test,ch2025_wHr,22,250,0.608,0.392,14.996
test,ch2025_wHr,23,250,0.728,0.272,9.408
test,ch2025_wLight,0,250,0.148,0.852,31.696
test,ch2025_wLight,1,250,0.152,0.848,28.832
test,ch2025_wLight,2,250,0.164,0.836,28.004
test,ch2025_wLight,3,250,0.18,0.82,27.052
test,ch2025_wLight,4,250,0.192,0.808,26.656
test,ch2025_wLight,5,250,0.192,0.808,27.024
test,ch2025_wLight,6,250,0.192,0.808,27.376
test,ch2025_wLight,7,250,0.176,0.824,29.692
test,ch2025_wLight,8,250,0.104,0.896,36.788
test,ch2025_wLight,9,250,0.104,0.896,41.18
test,ch2025_wLight,10,250,0.088,0.912,43.096
test,ch2025_wLight,11,250,0.056,0.944,46.7
test,ch2025_wLight,12,250,0.056,0.944,47.236
test,ch2025_wLight,13,250,0.04,0.96,47.584
test,ch2025_wLight,14,250,0.044,0.956,48.292
test,ch2025_wLight,15,250,0.044,0.956,48.38
test,ch2025_wLight,16,250,0.044,0.956,48.016
test,ch2025_wLight,17,250,0.048,0.952,47.504
test,ch2025_wLight,18,250,0.068,0.932,45.304
test,ch2025_wLight,19,250,0.068,0.932,43.984
test,ch2025_wLight,20,250,0.076,0.924,43.452
test,ch2025_wLight,21,250,0.084,0.916,42.36
test,ch2025_wLight,22,250,0.088,0.912,40.68
test,ch2025_wLight,23,250,0.104,0.896,38.348
test,ch2025_wPedo,0,250,0.192,0.808,41.912
test,ch2025_wPedo,1,250,0.24,0.76,41.004
test,ch2025_wPedo,2,250,0.232,0.768,41.052
test,ch2025_wPedo,3,250,0.224,0.776,41.764
test,ch2025_wPedo,4,250,0.232,0.768,42.892
test,ch2025_wPedo,5,250,0.204,0.796,43.824
test,ch2025_wPedo,6,250,0.196,0.804,43.752
test,ch2025_wPedo,7,250,0.196,0.804,42.96
test,ch2025_wPedo,8,250,0.116,0.884,47.464
test,ch2025_wPedo,9,250,0.108,0.892,50.588
test,ch2025_wPedo,10,250,0.092,0.908,51.256
test,ch2025_wPedo,11,250,0.06,0.94,54.156
test,ch2025_wPedo,12,250,0.056,0.944,55.416
test,ch2025_wPedo,13,250,0.044,0.956,55.348
test,ch2025_wPedo,14,250,0.048,0.952,55.74
test,ch2025_wPedo,15,250,0.04,0.96,55.488
test,ch2025_wPedo,16,250,0.048,0.952,54.208
test,ch2025_wPedo,17,250,0.072,0.928,52.36
test,ch2025_wPedo,18,250,0.084,0.916,51.296
test,ch2025_wPedo,19,250,0.116,0.884,48.748
test,ch2025_wPedo,20,250,0.128,0.872,48.352
test,ch2025_wPedo,21,250,0.136,0.864,47.988
test,ch2025_wPedo,22,250,0.148,0.852,45.128
test,ch2025_wPedo,23,250,0.196,0.804,42.632
train,ch2025_mACStatus,0,450,0.044444444444444446,0.9555555555555556,55.29555555555555
train,ch2025_mACStatus,1,450,0.044444444444444446,0.9555555555555556,55.89333333333333
train,ch2025_mACStatus,2,450,0.044444444444444446,0.9555555555555556,55.72666666666667
train,ch2025_mACStatus,3,450,0.04888888888888889,0.9511111111111111,55.62888888888889
train,ch2025_mACStatus,4,450,0.04666666666666667,0.9533333333333334,55.48222222222222
train,ch2025_mACStatus,5,450,0.057777777777777775,0.9422222222222222,55.24
train,ch2025_mACStatus,6,450,0.057777777777777775,0.9422222222222222,54.94222222222222
train,ch2025_mACStatus,7,450,0.051111111111111114,0.9488888888888889,54.96888888888889
train,ch2025_mACStatus,8,450,0.042222222222222223,0.9577777777777777,55.324444444444445
train,ch2025_mACStatus,9,450,0.028888888888888888,0.9711111111111111,56.28
train,ch2025_mACStatus,10,450,0.02666666666666667,0.9733333333333334,56.70666666666666
train,ch2025_mACStatus,11,450,0.03333333333333333,0.9666666666666667,56.233333333333334
train,ch2025_mACStatus,12,450,0.017777777777777778,0.9822222222222222,57.2
train,ch2025_mACStatus,13,450,0.017777777777777778,0.9822222222222222,57.10444444444445
train,ch2025_mACStatus,14,450,0.02,0.98,56.57333333333333
train,ch2025_mACStatus,15,450,0.02,0.98,56.724444444444444
train,ch2025_mACStatus,16,450,0.022222222222222223,0.9777777777777777,57.224444444444444
train,ch2025_mACStatus,17,450,0.015555555555555555,0.9844444444444445,57.08888888888889
train,ch2025_mACStatus,18,450,0.024444444444444446,0.9755555555555555,55.955555555555556
train,ch2025_mACStatus,19,450,0.04,0.96,55.535555555555554
train,ch2025_mACStatus,20,450,0.042222222222222223,0.9577777777777777,54.931111111111115
train,ch2025_mACStatus,21,450,0.044444444444444446,0.9555555555555556,55.12444444444444
train,ch2025_mACStatus,22,450,0.035555555555555556,0.9644444444444444,55.28
train,ch2025_mACStatus,23,450,0.03333333333333333,0.9666666666666667,55.86222222222222
train,ch2025_mActivity,0,450,0.044444444444444446,0.9555555555555556,56.50666666666667
train,ch2025_mActivity,1,450,0.044444444444444446,0.9555555555555556,56.80888888888889
train,ch2025_mActivity,2,450,0.044444444444444446,0.9555555555555556,56.73555555555556
train,ch2025_mActivity,3,450,0.04888888888888889,0.9511111111111111,56.81777777777778
train,ch2025_mActivity,4,450,0.04666666666666667,0.9533333333333334,56.644444444444446
train,ch2025_mActivity,5,450,0.057777777777777775,0.9422222222222222,56.26888888888889
train,ch2025_mActivity,6,450,0.057777777777777775,0.9422222222222222,56.093333333333334
train,ch2025_mActivity,7,450,0.051111111111111114,0.9488888888888889,56.33555555555556
train,ch2025_mActivity,8,450,0.042222222222222223,0.9577777777777777,56.63777777777778
train,ch2025_mActivity,9,450,0.028888888888888888,0.9711111111111111,57.58444444444444
train,ch2025_mActivity,10,450,0.02666666666666667,0.9733333333333334,57.74
train,ch2025_mActivity,11,450,0.03333333333333333,0.9666666666666667,57.66222222222222
train,ch2025_mActivity,12,450,0.017777777777777778,0.9822222222222222,58.32
train,ch2025_mActivity,13,450,0.017777777777777778,0.9822222222222222,58.57111111111111
train,ch2025_mActivity,14,450,0.02,0.98,58.05555555555556
train,ch2025_mActivity,15,450,0.02,0.98,58.21111111111111
train,ch2025_mActivity,16,450,0.022222222222222223,0.9777777777777777,58.282222222222224
train,ch2025_mActivity,17,450,0.015555555555555555,0.9844444444444445,58.526666666666664
train,ch2025_mActivity,18,450,0.024444444444444446,0.9755555555555555,57.217777777777776
train,ch2025_mActivity,19,450,0.04,0.96,56.72666666666667
train,ch2025_mActivity,20,450,0.042222222222222223,0.9577777777777777,56.111111111111114
train,ch2025_mActivity,21,450,0.044444444444444446,0.9555555555555556,56.51777777777778
train,ch2025_mActivity,22,450,0.035555555555555556,0.9644444444444444,56.62888888888889
train,ch2025_mActivity,23,450,0.03333333333333333,0.9666666666666667,57.18
train,ch2025_mAmbience,0,450,0.06,0.94,27.96
train,ch2025_mAmbience,1,450,0.057777777777777775,0.9422222222222222,28.06222222222222
train,ch2025_mAmbience,2,450,0.051111111111111114,0.9488888888888889,28.26
train,ch2025_mAmbience,3,450,0.05333333333333334,0.9466666666666667,28.24888888888889
train,ch2025_mAmbience,4,450,0.06222222222222222,0.9377777777777778,27.975555555555555
train,ch2025_mAmbience,5,450,0.057777777777777775,0.9422222222222222,28.128888888888888
train,ch2025_mAmbience,6,450,0.06444444444444444,0.9355555555555556,27.88
train,ch2025_mAmbience,7,450,0.06444444444444444,0.9355555555555556,27.864444444444445
train,ch2025_mAmbience,8,450,0.06222222222222222,0.9377777777777778,27.837777777777777
train,ch2025_mAmbience,9,450,0.044444444444444446,0.9555555555555556,28.34888888888889
train,ch2025_mAmbience,10,450,0.04,0.96,28.64666666666667
train,ch2025_mAmbience,11,450,0.04,0.96,28.664444444444445
train,ch2025_mAmbience,12,450,0.03333333333333333,0.9666666666666667,28.933333333333334
train,ch2025_mAmbience,13,450,0.022222222222222223,0.9777777777777777,29.144444444444446
train,ch2025_mAmbience,14,450,0.028888888888888888,0.9711111111111111,28.895555555555557
train,ch2025_mAmbience,15,450,0.02666666666666667,0.9733333333333334,28.808888888888887
train,ch2025_mAmbience,16,450,0.028888888888888888,0.9711111111111111,29.08
train,ch2025_mAmbience,17,450,0.022222222222222223,0.9777777777777777,29.024444444444445
train,ch2025_mAmbience,18,450,0.024444444444444446,0.9755555555555555,28.551111111111112
train,ch2025_mAmbience,19,450,0.04666666666666667,0.9533333333333334,28.191111111111113
train,ch2025_mAmbience,20,450,0.05555555555555555,0.9444444444444444,27.784444444444443
train,ch2025_mAmbience,21,450,0.06,0.94,27.966666666666665
train,ch2025_mAmbience,22,450,0.05333333333333334,0.9466666666666667,27.875555555555554
train,ch2025_mAmbience,23,450,0.044444444444444446,0.9555555555555556,28.142222222222223
train,ch2025_mBle,0,450,0.6288888888888889,0.3711111111111111,0.9577777777777777
train,ch2025_mBle,1,450,0.7666666666666667,0.23333333333333334,0.7533333333333333
train,ch2025_mBle,2,450,0.8177777777777778,0.18222222222222223,0.5133333333333333
train,ch2025_mBle,3,450,0.8955555555555555,0.10444444444444445,0.3422222222222222
train,ch2025_mBle,4,450,0.9066666666666666,0.09333333333333334,0.18444444444444444
train,ch2025_mBle,5,450,0.8866666666666667,0.11333333333333333,0.20222222222222222
train,ch2025_mBle,6,450,0.7511111111111111,0.24888888888888888,0.4822222222222222
train,ch2025_mBle,7,450,0.5977777777777777,0.4022222222222222,0.8511111111111112
train,ch2025_mBle,8,450,0.36,0.64,1.6933333333333334
train,ch2025_mBle,9,450,0.4111111111111111,0.5888888888888889,1.5377777777777777
train,ch2025_mBle,10,450,0.4022222222222222,0.5977777777777777,1.5177777777777777
train,ch2025_mBle,11,450,0.3488888888888889,0.6511111111111111,1.58
train,ch2025_mBle,12,450,0.3333333333333333,0.6666666666666666,1.6422222222222222
train,ch2025_mBle,13,450,0.3466666666666667,0.6533333333333333,1.8444444444444446
train,ch2025_mBle,14,450,0.3511111111111111,0.6488888888888888,1.708888888888889
train,ch2025_mBle,15,450,0.3844444444444444,0.6155555555555555,1.6444444444444444
train,ch2025_mBle,16,450,0.3377777777777778,0.6622222222222223,1.8377777777777777
train,ch2025_mBle,17,450,0.33111111111111113,0.6688888888888889,1.9244444444444444
train,ch2025_mBle,18,450,0.34444444444444444,0.6555555555555556,1.8466666666666667
train,ch2025_mBle,19,450,0.44222222222222224,0.5577777777777778,1.3866666666666667
train,ch2025_mBle,20,450,0.4111111111111111,0.5888888888888889,1.468888888888889
train,ch2025_mBle,21,450,0.41555555555555557,0.5844444444444444,1.6177777777777778
train,ch2025_mBle,22,450,0.39111111111111113,0.6088888888888889,1.5733333333333333
train,ch2025_mBle,23,450,0.5155555555555555,0.48444444444444446,1.3111111111111111
train,ch2025_mGps,0,450,0.12444444444444444,0.8755555555555555,46.13777777777778
train,ch2025_mGps,1,450,0.14666666666666667,0.8533333333333334,45.01777777777778
train,ch2025_mGps,2,450,0.1511111111111111,0.8488888888888889,45.41777777777778
train,ch2025_mGps,3,450,0.19111111111111112,0.8088888888888889,45.16444444444444
train,ch2025_mGps,4,450,0.18222222222222223,0.8177777777777778,45.333333333333336
train,ch2025_mGps,5,450,0.18444444444444444,0.8155555555555556,45.733333333333334
train,ch2025_mGps,6,450,0.14,0.86,46.64888888888889
train,ch2025_mGps,7,450,0.13555555555555557,0.8644444444444445,46.44
train,ch2025_mGps,8,450,0.11555555555555555,0.8844444444444445,48.54666666666667
train,ch2025_mGps,9,450,0.09555555555555556,0.9044444444444445,48.455555555555556
train,ch2025_mGps,10,450,0.1,0.9,48.74666666666667
train,ch2025_mGps,11,450,0.1,0.9,48.17111111111111
train,ch2025_mGps,12,450,0.08444444444444445,0.9155555555555556,48.79333333333334
train,ch2025_mGps,13,450,0.08666666666666667,0.9133333333333333,50.07555555555555
train,ch2025_mGps,14,450,0.08222222222222222,0.9177777777777778,48.906666666666666
train,ch2025_mGps,15,450,0.08444444444444445,0.9155555555555556,49.26444444444444
train,ch2025_mGps,16,450,0.08444444444444445,0.9155555555555556,50.27111111111111
train,ch2025_mGps,17,450,0.08444444444444445,0.9155555555555556,50.95777777777778
train,ch2025_mGps,18,450,0.09555555555555556,0.9044444444444445,48.44222222222222
train,ch2025_mGps,19,450,0.10666666666666667,0.8933333333333333,46.55777777777778
train,ch2025_mGps,20,450,0.1111111111111111,0.8888888888888888,46.45333333333333
train,ch2025_mGps,21,450,0.11777777777777777,0.8822222222222222,46.24666666666667
train,ch2025_mGps,22,450,0.1,0.9,47.13111111111111
train,ch2025_mGps,23,450,0.1,0.9,47.586666666666666
train,ch2025_mLight,0,450,0.05333333333333334,0.9466666666666667,5.588888888888889
train,ch2025_mLight,1,450,0.05555555555555555,0.9444444444444444,5.6177777777777775
train,ch2025_mLight,2,450,0.057777777777777775,0.9422222222222222,5.611111111111111
train,ch2025_mLight,3,450,0.06,0.94,5.622222222222222
train,ch2025_mLight,4,450,0.04888888888888889,0.9511111111111111,5.668888888888889
train,ch2025_mLight,5,450,0.057777777777777775,0.9422222222222222,5.62
train,ch2025_mLight,6,450,0.057777777777777775,0.9422222222222222,5.62
train,ch2025_mLight,7,450,0.051111111111111114,0.9488888888888889,5.653333333333333
train,ch2025_mLight,8,450,0.042222222222222223,0.9577777777777777,5.691111111111111
train,ch2025_mLight,9,450,0.028888888888888888,0.9711111111111111,5.7844444444444445
train,ch2025_mLight,10,450,0.02666666666666667,0.9733333333333334,5.795555555555556
train,ch2025_mLight,11,450,0.03333333333333333,0.9666666666666667,5.78
train,ch2025_mLight,12,450,0.017777777777777778,0.9822222222222222,5.851111111111111
train,ch2025_mLight,13,450,0.017777777777777778,0.9822222222222222,5.857777777777778
train,ch2025_mLight,14,450,0.02,0.98,5.831111111111111
train,ch2025_mLight,15,450,0.017777777777777778,0.9822222222222222,5.84
train,ch2025_mLight,16,450,0.022222222222222223,0.9777777777777777,5.837777777777778
train,ch2025_mLight,17,450,0.015555555555555555,0.9844444444444445,5.884444444444444
train,ch2025_mLight,18,450,0.024444444444444446,0.9755555555555555,5.76
train,ch2025_mLight,19,450,0.035555555555555556,0.9644444444444444,5.704444444444444
train,ch2025_mLight,20,450,0.044444444444444446,0.9555555555555556,5.6466666666666665
train,ch2025_mLight,21,450,0.044444444444444446,0.9555555555555556,5.68
train,ch2025_mLight,22,450,0.035555555555555556,0.9644444444444444,5.688888888888889
train,ch2025_mLight,23,450,0.03333333333333333,0.9666666666666667,5.74
train,ch2025_mScreenStatus,0,450,0.044444444444444446,0.9555555555555556,54.96
train,ch2025_mScreenStatus,1,450,0.044444444444444446,0.9555555555555556,55.52
train,ch2025_mScreenStatus,2,450,0.044444444444444446,0.9555555555555556,55.65111111111111
train,ch2025_mScreenStatus,3,450,0.04888888888888889,0.9511111111111111,55.52444444444444
train,ch2025_mScreenStatus,4,450,0.04666666666666667,0.9533333333333334,55.535555555555554
train,ch2025_mScreenStatus,5,450,0.057777777777777775,0.9422222222222222,54.88444444444445
train,ch2025_mScreenStatus,6,450,0.057777777777777775,0.9422222222222222,54.815555555555555
train,ch2025_mScreenStatus,7,450,0.051111111111111114,0.9488888888888889,55.27111111111111
train,ch2025_mScreenStatus,8,450,0.042222222222222223,0.9577777777777777,55.315555555555555
train,ch2025_mScreenStatus,9,450,0.028888888888888888,0.9711111111111111,56.36222222222222
train,ch2025_mScreenStatus,10,450,0.02666666666666667,0.9733333333333334,56.39333333333333
train,ch2025_mScreenStatus,11,450,0.03333333333333333,0.9666666666666667,56.54
train,ch2025_mScreenStatus,12,450,0.017777777777777778,0.9822222222222222,56.797777777777775
train,ch2025_mScreenStatus,13,450,0.017777777777777778,0.9822222222222222,57.111111111111114
train,ch2025_mScreenStatus,14,450,0.02,0.98,56.61555555555555
train,ch2025_mScreenStatus,15,450,0.02,0.98,56.91555555555556
train,ch2025_mScreenStatus,16,450,0.022222222222222223,0.9777777777777777,57.215555555555554
train,ch2025_mScreenStatus,17,450,0.015555555555555555,0.9844444444444445,57.06
train,ch2025_mScreenStatus,18,450,0.024444444444444446,0.9755555555555555,55.931111111111115
train,ch2025_mScreenStatus,19,450,0.04,0.96,55.55777777777778
train,ch2025_mScreenStatus,20,450,0.042222222222222223,0.9577777777777777,54.88444444444445
train,ch2025_mScreenStatus,21,450,0.044444444444444446,0.9555555555555556,55.35111111111111
train,ch2025_mScreenStatus,22,450,0.035555555555555556,0.9644444444444444,55.09111111111111
train,ch2025_mScreenStatus,23,450,0.03333333333333333,0.9666666666666667,55.791111111111114
train,ch2025_mUsageStats,0,450,0.37333333333333335,0.6266666666666667,1.7933333333333332
train,ch2025_mUsageStats,1,450,0.5355555555555556,0.46444444444444444,1.1822222222222223
train,ch2025_mUsageStats,2,450,0.6044444444444445,0.39555555555555555,0.9266666666666666
train,ch2025_mUsageStats,3,450,0.7088888888888889,0.2911111111111111,0.6466666666666666
train,ch2025_mUsageStats,4,450,0.8066666666666666,0.19333333333333333,0.4066666666666667
train,ch2025_mUsageStats,5,450,0.72,0.28,0.6244444444444445
train,ch2025_mUsageStats,6,450,0.5577777777777778,0.44222222222222224,1.0777777777777777
train,ch2025_mUsageStats,7,450,0.34,0.66,1.9822222222222223
train,ch2025_mUsageStats,8,450,0.19333333333333333,0.8066666666666666,3.437777777777778
train,ch2025_mUsageStats,9,450,0.15777777777777777,0.8422222222222222,3.2977777777777777
train,ch2025_mUsageStats,10,450,0.1,0.9,3.6333333333333333
train,ch2025_mUsageStats,11,450,0.09555555555555556,0.9044444444444445,3.8333333333333335
train,ch2025_mUsageStats,12,450,0.10222222222222223,0.8977777777777778,3.7511111111111113
train,ch2025_mUsageStats,13,450,0.08444444444444445,0.9155555555555556,3.7733333333333334
train,ch2025_mUsageStats,14,450,0.09333333333333334,0.9066666666666666,3.6044444444444443
train,ch2025_mUsageStats,15,450,0.09333333333333334,0.9066666666666666,3.6622222222222223
train,ch2025_mUsageStats,16,450,0.08666666666666667,0.9133333333333333,3.8666666666666667
train,ch2025_mUsageStats,17,450,0.09555555555555556,0.9044444444444445,3.928888888888889
train,ch2025_mUsageStats,18,450,0.09777777777777778,0.9022222222222223,3.7555555555555555
train,ch2025_mUsageStats,19,450,0.14,0.86,3.1844444444444444
train,ch2025_mUsageStats,20,450,0.18,0.82,3.128888888888889
train,ch2025_mUsageStats,21,450,0.15555555555555556,0.8444444444444444,3.066666666666667
train,ch2025_mUsageStats,22,450,0.16444444444444445,0.8355555555555556,2.88
train,ch2025_mUsageStats,23,450,0.2111111111111111,0.7888888888888889,2.328888888888889
train,ch2025_mWifi,0,450,0.14,0.86,4.095555555555555
train,ch2025_mWifi,1,450,0.18444444444444444,0.8155555555555556,3.8266666666666667
train,ch2025_mWifi,2,450,0.2288888888888889,0.7711111111111111,3.588888888888889
train,ch2025_mWifi,3,450,0.2911111111111111,0.7088888888888889,3.3644444444444446
train,ch2025_mWifi,4,450,0.2777777777777778,0.7222222222222222,3.351111111111111
train,ch2025_mWifi,5,450,0.2866666666666667,0.7133333333333334,3.5355555555555553
train,ch2025_mWifi,6,450,0.18444444444444444,0.8155555555555556,4.071111111111111
train,ch2025_mWifi,7,450,0.14888888888888888,0.8511111111111112,4.475555555555555
train,ch2025_mWifi,8,450,0.12444444444444444,0.8755555555555555,4.873333333333333
train,ch2025_mWifi,9,450,0.1,0.9,4.884444444444444
train,ch2025_mWifi,10,450,0.09111111111111111,0.9088888888888889,4.946666666666666
train,ch2025_mWifi,11,450,0.10222222222222223,0.8977777777777778,4.964444444444444
train,ch2025_mWifi,12,450,0.08,0.92,5.062222222222222
train,ch2025_mWifi,13,450,0.08,0.92,5.088888888888889
train,ch2025_mWifi,14,450,0.08222222222222222,0.9177777777777778,4.984444444444445
train,ch2025_mWifi,15,450,0.08666666666666667,0.9133333333333333,4.993333333333333
train,ch2025_mWifi,16,450,0.08444444444444445,0.9155555555555556,5.097777777777778
train,ch2025_mWifi,17,450,0.09111111111111111,0.9088888888888889,5.1
train,ch2025_mWifi,18,450,0.1,0.9,4.884444444444444
train,ch2025_mWifi,19,450,0.10888888888888888,0.8911111111111111,4.655555555555556
train,ch2025_mWifi,20,450,0.11777777777777777,0.8822222222222222,4.644444444444445
train,ch2025_mWifi,21,450,0.12444444444444444,0.8755555555555555,4.722222222222222
train,ch2025_mWifi,22,450,0.09777777777777778,0.9022222222222223,4.722222222222222
train,ch2025_mWifi,23,450,0.10444444444444445,0.8955555555555555,4.664444444444444
train,ch2025_wHr,0,450,0.8088888888888889,0.19111111111111112,6.551111111111111
train,ch2025_wHr,1,450,0.8711111111111111,0.1288888888888889,4.333333333333333
train,ch2025_wHr,2,450,0.8844444444444445,0.11555555555555555,3.6044444444444443
train,ch2025_wHr,3,450,0.9044444444444445,0.09555555555555556,2.4844444444444442
train,ch2025_wHr,4,450,0.9222222222222223,0.07777777777777778,1.9
train,ch2025_wHr,5,450,0.8755555555555555,0.12444444444444444,2.8533333333333335
train,ch2025_wHr,6,450,0.8666666666666667,0.13333333333333333,3.8533333333333335
train,ch2025_wHr,7,450,0.7066666666666667,0.29333333333333333,7.28
train,ch2025_wHr,8,450,0.4955555555555556,0.5044444444444445,20.817777777777778
train,ch2025_wHr,9,450,0.3977777777777778,0.6022222222222222,29.664444444444445
train,ch2025_wHr,10,450,0.3377777777777778,0.6622222222222223,33.72
train,ch2025_wHr,11,450,0.2822222222222222,0.7177777777777777,38.06666666666667
train,ch2025_wHr,12,450,0.24444444444444444,0.7555555555555555,40.455555555555556
train,ch2025_wHr,13,450,0.22,0.78,41.96
train,ch2025_wHr,14,450,0.21333333333333335,0.7866666666666666,42.27333333333333
train,ch2025_wHr,15,450,0.22444444444444445,0.7755555555555556,42.095555555555556
train,ch2025_wHr,16,450,0.2311111111111111,0.7688888888888888,41.19111111111111
train,ch2025_wHr,17,450,0.2733333333333333,0.7266666666666667,38.03333333333333
train,ch2025_wHr,18,450,0.3244444444444444,0.6755555555555556,33.84444444444444
train,ch2025_wHr,19,450,0.3933333333333333,0.6066666666666667,29.84
train,ch2025_wHr,20,450,0.45555555555555555,0.5444444444444444,24.857777777777777
train,ch2025_wHr,21,450,0.5444444444444444,0.45555555555555555,20.128888888888888
train,ch2025_wHr,22,450,0.6533333333333333,0.3466666666666667,13.604444444444445
train,ch2025_wHr,23,450,0.7555555555555555,0.24444444444444444,9.046666666666667
train,ch2025_wLight,0,450,0.24222222222222223,0.7577777777777778,30.133333333333333
train,ch2025_wLight,1,450,0.26,0.74,28.284444444444443
train,ch2025_wLight,2,450,0.27555555555555555,0.7244444444444444,27.666666666666668
train,ch2025_wLight,3,450,0.28888888888888886,0.7111111111111111,26.826666666666668
train,ch2025_wLight,4,450,0.29777777777777775,0.7022222222222222,26.24
train,ch2025_wLight,5,450,0.2911111111111111,0.7088888888888889,26.46
train,ch2025_wLight,6,450,0.2911111111111111,0.7088888888888889,27.182222222222222
train,ch2025_wLight,7,450,0.2644444444444444,0.7355555555555555,28.935555555555556
train,ch2025_wLight,8,450,0.22444444444444445,0.7755555555555556,34.473333333333336
train,ch2025_wLight,9,450,0.19333333333333333,0.8066666666666666,39.60666666666667
train,ch2025_wLight,10,450,0.17777777777777778,0.8222222222222222,41.36888888888889
train,ch2025_wLight,11,450,0.16,0.84,43.126666666666665
train,ch2025_wLight,12,450,0.13555555555555557,0.8644444444444445,45.284444444444446
train,ch2025_wLight,13,450,0.1288888888888889,0.8711111111111111,45.60666666666667
train,ch2025_wLight,14,450,0.12222222222222222,0.8777777777777778,46.07111111111111
train,ch2025_wLight,15,450,0.12666666666666668,0.8733333333333333,46.095555555555556
train,ch2025_wLight,16,450,0.13555555555555557,0.8644444444444445,45.18222222222222
train,ch2025_wLight,17,450,0.13555555555555557,0.8644444444444445,44.81777777777778
train,ch2025_wLight,18,450,0.14444444444444443,0.8555555555555555,43.30444444444444
train,ch2025_wLight,19,450,0.1511111111111111,0.8488888888888889,41.53111111111111
train,ch2025_wLight,20,450,0.1688888888888889,0.8311111111111111,39.626666666666665
train,ch2025_wLight,21,450,0.18444444444444444,0.8155555555555556,39.03777777777778
train,ch2025_wLight,22,450,0.20666666666666667,0.7933333333333333,36.864444444444445
train,ch2025_wLight,23,450,0.21333333333333335,0.7866666666666666,35.01111111111111
train,ch2025_wPedo,0,450,0.30666666666666664,0.6933333333333334,36.19111111111111
train,ch2025_wPedo,1,450,0.32222222222222224,0.6777777777777778,35.72
train,ch2025_wPedo,2,450,0.31777777777777777,0.6822222222222222,36.717777777777776
train,ch2025_wPedo,3,450,0.31555555555555553,0.6844444444444444,37.126666666666665
train,ch2025_wPedo,4,450,0.3244444444444444,0.6755555555555556,36.83777777777778
train,ch2025_wPedo,5,450,0.31555555555555553,0.6844444444444444,37.257777777777775
train,ch2025_wPedo,6,450,0.31777777777777777,0.6822222222222222,37.09777777777778
train,ch2025_wPedo,7,450,0.28444444444444444,0.7155555555555555,38.19111111111111
train,ch2025_wPedo,8,450,0.22444444444444445,0.7755555555555556,42.04222222222222
train,ch2025_wPedo,9,450,0.2,0.8,44.095555555555556
train,ch2025_wPedo,10,450,0.18888888888888888,0.8111111111111111,45.41777777777778
train,ch2025_wPedo,11,450,0.15777777777777777,0.8422222222222222,48.202222222222225
train,ch2025_wPedo,12,450,0.13555555555555557,0.8644444444444445,49.15777777777778
train,ch2025_wPedo,13,450,0.14222222222222222,0.8577777777777778,49.59111111111111
train,ch2025_wPedo,14,450,0.1288888888888889,0.8711111111111111,49.797777777777775
train,ch2025_wPedo,15,450,0.14222222222222222,0.8577777777777778,49.23111111111111
train,ch2025_wPedo,16,450,0.14888888888888888,0.8511111111111112,48.76222222222222
train,ch2025_wPedo,17,450,0.1511111111111111,0.8488888888888889,47.71111111111111
train,ch2025_wPedo,18,450,0.17555555555555555,0.8244444444444444,46.10444444444445
train,ch2025_wPedo,19,450,0.2088888888888889,0.7911111111111111,43.13777777777778
train,ch2025_wPedo,20,450,0.2311111111111111,0.7688888888888888,42.42
train,ch2025_wPedo,21,450,0.24888888888888888,0.7511111111111111,41.57111111111111
train,ch2025_wPedo,22,450,0.26666666666666666,0.7333333333333333,39.71111111111111
train,ch2025_wPedo,23,450,0.29777777777777775,0.7022222222222222,38.50222222222222
