dataset,subject_id,missing_date
train,id01,2024-07-11
train,id01,2024-07-18
train,id01,2024-07-20
train,id01,2024-07-24
train,id01,2024-07-25
train,id01,2024-07-29
train,id01,2024-07-30
train,id01,2024-07-31
train,id01,2024-08-01
train,id01,2024-08-02
train,id01,2024-08-03
train,id01,2024-08-04
train,id01,2024-08-05
train,id01,2024-08-06
train,id01,2024-08-07
train,id01,2024-08-08
train,id01,2024-08-09
train,id01,2024-08-10
train,id01,2024-08-11
train,id01,2024-08-12
train,id01,2024-08-13
train,id01,2024-08-14
train,id01,2024-08-15
train,id01,2024-08-16
train,id01,2024-08-22
train,id01,2024-08-30
train,id02,2024-07-19
train,id02,2024-07-24
train,id02,2024-07-26
train,id02,2024-07-27
train,id02,2024-08-01
train,id02,2024-08-02
train,id02,2024-08-08
train,id02,2024-08-25
train,id02,2024-08-26
train,id02,2024-08-27
train,id02,2024-08-28
train,id02,2024-08-29
train,id02,2024-08-30
train,id02,2024-08-31
train,id02,2024-09-01
train,id02,2024-09-02
train,id02,2024-09-03
train,id02,2024-09-04
train,id02,2024-09-05
train,id02,2024-09-06
train,id02,2024-09-07
train,id02,2024-09-08
train,id02,2024-09-09
train,id02,2024-09-14
train,id02,2024-09-17
train,id03,2024-07-20
train,id03,2024-07-26
train,id03,2024-07-31
train,id03,2024-08-01
train,id03,2024-08-04
train,id03,2024-08-06
train,id03,2024-08-08
train,id03,2024-08-09
train,id03,2024-08-16
train,id03,2024-08-17
train,id03,2024-08-18
train,id03,2024-08-19
train,id03,2024-08-20
train,id03,2024-08-21
train,id03,2024-08-22
train,id03,2024-08-23
train,id03,2024-08-24
train,id03,2024-08-25
train,id03,2024-08-26
train,id03,2024-08-27
train,id03,2024-08-28
train,id03,2024-08-30
train,id03,2024-09-03
train,id03,2024-09-08
train,id03,2024-09-10
train,id04,2024-08-05
train,id04,2024-08-06
train,id04,2024-08-07
train,id04,2024-08-09
train,id04,2024-08-10
train,id04,2024-08-11
train,id04,2024-09-09
train,id04,2024-09-11
train,id04,2024-09-12
train,id04,2024-09-13
train,id04,2024-09-14
train,id04,2024-09-15
train,id04,2024-09-18
train,id04,2024-09-19
train,id04,2024-09-20
train,id04,2024-09-21
train,id04,2024-09-22
train,id04,2024-09-23
train,id04,2024-09-24
train,id04,2024-09-25
train,id04,2024-09-26
train,id04,2024-10-14
train,id04,2024-10-15
train,id04,2024-10-16
train,id04,2024-10-17
train,id04,2024-10-18
train,id04,2024-10-19
train,id04,2024-10-21
train,id04,2024-10-23
train,id04,2024-10-24
train,id04,2024-10-25
train,id05,2024-09-03
train,id05,2024-09-14
train,id05,2024-09-16
train,id05,2024-09-17
train,id05,2024-09-21
train,id05,2024-09-28
train,id05,2024-09-29
train,id05,2024-09-30
train,id05,2024-10-01
train,id05,2024-10-02
train,id05,2024-10-03
train,id05,2024-10-04
train,id05,2024-10-05
train,id05,2024-10-06
train,id05,2024-10-07
train,id05,2024-10-08
train,id05,2024-10-10
train,id05,2024-10-11
train,id05,2024-10-12
train,id05,2024-10-13
train,id05,2024-10-14
train,id05,2024-10-15
train,id05,2024-10-16
train,id05,2024-10-17
train,id05,2024-10-19
train,id05,2024-10-20
train,id05,2024-10-21
train,id05,2024-10-31
train,id05,2024-11-01
train,id05,2024-11-03
train,id05,2024-11-06
train,id05,2024-11-07
train,id05,2024-11-08
train,id05,2024-11-12
train,id05,2024-11-13
train,id06,2024-06-15
train,id06,2024-06-17
train,id06,2024-06-22
train,id06,2024-07-06
train,id06,2024-07-07
train,id06,2024-07-08
train,id06,2024-07-09
train,id06,2024-07-10
train,id06,2024-07-11
train,id06,2024-07-12
train,id06,2024-07-13
train,id06,2024-07-15
train,id06,2024-07-16
train,id06,2024-07-17
train,id06,2024-07-18
train,id06,2024-07-19
train,id06,2024-07-20
train,id06,2024-07-22
train,id06,2024-07-23
train,id06,2024-08-06
train,id06,2024-08-07
train,id06,2024-08-08
train,id06,2024-08-09
train,id06,2024-08-11
train,id06,2024-08-12
train,id06,2024-08-13
train,id06,2024-08-14
train,id06,2024-08-16
train,id06,2024-08-17
train,id07,2024-07-04
train,id07,2024-07-13
train,id07,2024-07-14
train,id07,2024-07-15
train,id07,2024-07-16
train,id07,2024-07-17
train,id07,2024-07-18
train,id07,2024-07-19
train,id07,2024-07-20
train,id07,2024-07-21
train,id07,2024-07-22
train,id07,2024-07-23
train,id07,2024-07-24
train,id07,2024-07-25
train,id07,2024-07-26
train,id07,2024-07-27
train,id07,2024-07-30
train,id08,2024-07-10
train,id08,2024-07-19
train,id08,2024-07-20
train,id08,2024-07-21
train,id08,2024-07-31
train,id08,2024-08-01
train,id08,2024-08-02
train,id08,2024-08-05
train,id08,2024-08-06
train,id08,2024-08-07
train,id08,2024-08-08
train,id08,2024-08-09
train,id08,2024-08-10
train,id08,2024-08-12
train,id08,2024-08-13
train,id08,2024-08-14
train,id08,2024-08-20
train,id08,2024-08-26
train,id08,2024-09-02
train,id08,2024-09-04
train,id08,2024-09-06
train,id08,2024-09-07
train,id08,2024-09-08
train,id08,2024-09-09
train,id08,2024-09-10
train,id08,2024-09-12
train,id08,2024-09-13
train,id08,2024-09-14
train,id09,2024-07-02
train,id09,2024-07-07
train,id09,2024-07-12
train,id09,2024-07-24
train,id09,2024-07-28
train,id09,2024-07-31
train,id09,2024-08-02
train,id09,2024-08-05
train,id09,2024-08-06
train,id09,2024-08-07
train,id09,2024-08-08
train,id09,2024-08-09
train,id09,2024-08-10
train,id09,2024-08-11
train,id09,2024-08-12
train,id09,2024-08-13
train,id09,2024-08-14
train,id09,2024-08-15
train,id09,2024-08-16
train,id09,2024-08-17
train,id09,2024-08-18
train,id09,2024-08-19
train,id09,2024-08-20
train,id09,2024-08-25
train,id10,2024-07-10
train,id10,2024-07-16
train,id10,2024-07-18
train,id10,2024-07-24
train,id10,2024-07-25
train,id10,2024-07-30
train,id10,2024-08-03
train,id10,2024-08-04
train,id10,2024-08-05
train,id10,2024-08-06
train,id10,2024-08-07
train,id10,2024-08-08
train,id10,2024-08-09
train,id10,2024-08-10
train,id10,2024-08-11
train,id10,2024-08-12
train,id10,2024-08-13
train,id10,2024-08-14
train,id10,2024-08-15
train,id10,2024-08-16
train,id10,2024-08-17
train,id10,2024-08-18
train,id10,2024-08-19
train,id10,2024-08-20
train,id10,2024-08-21
train,id10,2024-08-22
train,id10,2024-08-23
train,id10,2024-08-24
train,id10,2024-08-25
train,id10,2024-08-26
train,id10,2024-08-28
train,id10,2024-09-03
train,id10,2024-09-04
train,id10,2024-09-06
train,id10,2024-09-09
train,id10,2024-09-10
train,id10,2024-09-12
train,id10,2024-09-13
test,id01,2024-08-04
test,id01,2024-08-07
test,id01,2024-08-10
test,id01,2024-08-15
test,id01,2024-08-17
test,id01,2024-08-18
test,id01,2024-08-19
test,id01,2024-08-20
test,id01,2024-08-21
test,id01,2024-08-22
test,id01,2024-08-23
test,id01,2024-08-24
test,id01,2024-08-25
test,id01,2024-08-26
test,id01,2024-08-27
test,id01,2024-08-28
test,id01,2024-08-29
test,id01,2024-08-30
test,id01,2024-08-31
test,id01,2024-09-05
test,id02,2024-09-10
test,id02,2024-09-11
test,id02,2024-09-12
test,id02,2024-09-13
test,id02,2024-09-14
test,id02,2024-09-15
test,id02,2024-09-16
test,id02,2024-09-17
test,id02,2024-09-18
test,id02,2024-09-19
test,id02,2024-09-20
test,id02,2024-09-21
test,id02,2024-09-22
test,id02,2024-09-23
test,id02,2024-09-24
test,id02,2024-09-25
test,id02,2024-09-26
test,id02,2024-09-27
test,id02,2024-10-01
test,id02,2024-10-10
test,id03,2024-08-21
test,id03,2024-08-25
test,id03,2024-08-29
test,id03,2024-08-30
test,id03,2024-08-31
test,id03,2024-09-01
test,id03,2024-09-02
test,id03,2024-09-03
test,id03,2024-09-04
test,id03,2024-09-05
test,id03,2024-09-06
test,id03,2024-09-07
test,id03,2024-09-08
test,id03,2024-09-09
test,id03,2024-09-10
test,id03,2024-09-11
test,id03,2024-09-12
test,id03,2024-09-13
test,id03,2024-09-14
test,id03,2024-09-19
test,id03,2024-09-22
test,id03,2024-09-23
test,id03,2024-09-24
test,id03,2024-09-25
test,id03,2024-09-26
test,id03,2024-09-27
test,id03,2024-09-28
test,id03,2024-09-29
test,id03,2024-09-30
test,id03,2024-10-01
test,id03,2024-10-02
test,id03,2024-10-06
test,id03,2024-10-07
test,id03,2024-10-08
test,id04,2024-09-10
test,id04,2024-09-16
test,id04,2024-09-17
test,id04,2024-09-21
test,id04,2024-09-27
test,id04,2024-09-28
test,id04,2024-09-29
test,id04,2024-09-30
test,id04,2024-10-01
test,id04,2024-10-02
test,id04,2024-10-03
test,id04,2024-10-04
test,id04,2024-10-05
test,id04,2024-10-06
test,id04,2024-10-07
test,id04,2024-10-08
test,id04,2024-10-09
test,id04,2024-10-10
test,id04,2024-10-11
test,id04,2024-10-12
test,id04,2024-10-13
test,id04,2024-10-20
test,id04,2024-10-22
test,id04,2024-10-26
test,id05,2024-10-02
test,id05,2024-10-03
test,id05,2024-10-07
test,id05,2024-10-08
test,id05,2024-10-09
test,id05,2024-10-11
test,id05,2024-10-12
test,id05,2024-10-14
test,id05,2024-10-18
test,id05,2024-10-19
test,id05,2024-10-20
test,id05,2024-10-21
test,id05,2024-10-22
test,id05,2024-10-23
test,id05,2024-10-24
test,id05,2024-10-25
test,id05,2024-10-26
test,id05,2024-10-27
test,id05,2024-10-28
test,id05,2024-10-29
test,id05,2024-10-30
test,id05,2024-10-31
test,id05,2024-11-01
test,id05,2024-11-02
test,id05,2024-11-03
test,id05,2024-11-04
test,id05,2024-11-05
test,id05,2024-11-08
test,id05,2024-11-09
test,id05,2024-11-10
test,id05,2024-11-11
test,id05,2024-11-14
test,id06,2024-07-14
test,id06,2024-07-19
test,id06,2024-07-21
test,id06,2024-07-22
test,id06,2024-07-23
test,id06,2024-07-24
test,id06,2024-07-25
test,id06,2024-07-26
test,id06,2024-07-27
test,id06,2024-07-28
test,id06,2024-07-29
test,id06,2024-07-30
test,id06,2024-07-31
test,id06,2024-08-01
test,id06,2024-08-02
test,id06,2024-08-03
test,id06,2024-08-04
test,id06,2024-08-05
test,id06,2024-08-06
test,id06,2024-08-07
test,id06,2024-08-08
test,id06,2024-08-10
test,id06,2024-08-15
test,id06,2024-08-16
test,id06,2024-08-17
test,id06,2024-08-18
test,id07,2024-07-28
test,id07,2024-07-29
test,id07,2024-07-30
test,id07,2024-07-31
test,id07,2024-08-01
test,id07,2024-08-02
test,id07,2024-08-03
test,id07,2024-08-04
test,id07,2024-08-05
test,id07,2024-08-06
test,id07,2024-08-07
test,id07,2024-08-08
test,id07,2024-08-09
test,id07,2024-08-10
test,id07,2024-08-11
test,id07,2024-08-12
test,id07,2024-08-13
test,id07,2024-08-18
test,id07,2024-08-21
test,id07,2024-08-23
test,id07,2024-08-30
test,id08,2024-08-01
test,id08,2024-08-03
test,id08,2024-08-04
test,id08,2024-08-11
test,id08,2024-08-14
test,id08,2024-08-15
test,id08,2024-08-16
test,id08,2024-08-17
test,id08,2024-08-18
test,id08,2024-08-19
test,id08,2024-08-20
test,id08,2024-08-21
test,id08,2024-08-22
test,id08,2024-08-23
test,id08,2024-08-24
test,id08,2024-08-25
test,id08,2024-08-26
test,id08,2024-08-27
test,id08,2024-08-28
test,id08,2024-08-29
test,id08,2024-08-30
test,id08,2024-08-31
test,id08,2024-09-01
test,id08,2024-09-02
test,id08,2024-09-03
test,id08,2024-09-05
test,id08,2024-09-07
test,id08,2024-09-11
test,id08,2024-09-12
test,id08,2024-09-15
test,id08,2024-09-16
test,id08,2024-09-18
test,id09,2024-08-17
test,id09,2024-08-19
test,id09,2024-08-21
test,id09,2024-08-22
test,id09,2024-08-23
test,id09,2024-08-24
test,id09,2024-08-25
test,id09,2024-08-26
test,id09,2024-08-27
test,id09,2024-08-28
test,id09,2024-08-29
test,id09,2024-08-30
test,id09,2024-08-31
test,id09,2024-09-01
test,id09,2024-09-02
test,id09,2024-09-03
test,id09,2024-09-05
test,id09,2024-09-11
test,id09,2024-09-14
test,id09,2024-09-16
test,id09,2024-09-17
test,id10,2024-08-08
test,id10,2024-08-09
test,id10,2024-08-11
test,id10,2024-08-12
test,id10,2024-08-14
test,id10,2024-08-15
test,id10,2024-08-20
test,id10,2024-08-21
test,id10,2024-08-23
test,id10,2024-08-24
test,id10,2024-08-25
test,id10,2024-08-26
test,id10,2024-08-27
test,id10,2024-08-28
test,id10,2024-08-29
test,id10,2024-08-30
test,id10,2024-08-31
test,id10,2024-09-01
test,id10,2024-09-02
test,id10,2024-09-03
test,id10,2024-09-04
test,id10,2024-09-05
test,id10,2024-09-06
test,id10,2024-09-07
test,id10,2024-09-08
test,id10,2024-09-09
test,id10,2024-09-10
test,id10,2024-09-11
test,id10,2024-09-12
test,id10,2024-09-13
test,id10,2024-09-14
test,id10,2024-09-23
