target,feature,class_low,class_high,mean_low,mean_high,diff_high_minus_low,effect_size,abs_effect_size,n_low,n_high
Q1,mACStatus_m_charging_value_0_count,0,1,948.0881057268723,965.1614349775784,17.073329250706138,0.06720219803998086,0.06720219803998086,227,223
Q1,mACStatus_m_charging_value_1_count,0,1,381.1189427312775,390.52017937219733,9.40123664091982,0.03839942569145461,0.03839942569145461,227,223
Q1,mActivity_m_activity_value_0_count,0,1,87.92070484581498,109.69506726457399,21.77436241875901,0.27724836633124705,0.27724836633124705,227,223
Q1,mActivity_m_activity_value_1_count,0,1,1.4669603524229076,1.5515695067264574,0.08460915430354987,0.026922782092312633,0.026922782092312633,227,223
Q1,mActivity_m_activity_value_3_count,0,1,1106.9118942731277,1121.4304932735427,14.518599000414952,0.04771894551841795,0.04771894551841795,227,223
Q1,mActivity_m_activity_value_4_count,0,1,114.96916299559471,109.93273542600897,-5.03642756958574,-0.02007606965367848,0.02007606965367848,227,223
Q1,mActivity_m_activity_value_7_count,0,1,44.63876651982379,43.5695067264574,-1.0692597933663919,-0.030318966278784734,0.030318966278784734,227,223
Q1,mActivity_m_activity_value_8_count,0,1,1.5110132158590308,1.0358744394618835,-0.4751387763971473,-0.13863744196648403,0.13863744196648403,227,223
Q1,mAmbience_m_ambience_object_len_mean,0,1,10.0,10.0,0.0,,,227,223
Q1,mAmbience_m_ambience_object_len_max,0,1,10.0,10.0,0.0,,,227,223
Q1,mAmbience_m_ambience_object_len_sum,0,1,6726.387665198238,6880.493273542601,154.10560834436274,0.17152314263742052,0.17152314263742052,227,223
Q1,mAmbience_m_ambience_object_len_count,0,1,672.6387665198238,688.0493273542601,15.410560834436296,0.17152314263742077,0.17152314263742077,227,223
Q1,mBle_m_ble_object_len_mean,0,1,22.418447106863894,17.197606893392575,-5.22084021347132,-0.3381288033062106,0.3381288033062106,205,211
Q1,mBle_m_ble_object_len_max,0,1,62.27317073170732,49.75355450236967,-12.51961622933765,-0.3319833995438168,0.3319833995438168,205,211
Q1,mBle_m_ble_object_len_sum,0,1,754.0878048780488,613.0947867298578,-140.99301814819103,-0.19647754926912198,0.19647754926912198,205,211
Q1,mBle_m_ble_object_len_count,0,1,32.4390243902439,33.36492890995261,0.925904519708709,0.05556614192430338,0.05556614192430338,205,211
Q1,mGps_m_gps_object_len_mean,0,1,10.275304578175723,10.50848497908614,0.2331804009104168,0.10871672849212542,0.10871672849212542,211,214
Q1,mGps_m_gps_object_len_max,0,1,18.781990521327014,18.72429906542056,-0.05769145590645408,-0.024764557186611906,0.024764557186611906,211,214
Q1,mGps_m_gps_object_len_sum,0,1,12406.32701421801,12867.719626168224,461.3926119502139,0.10823059634493658,0.10823059634493658,211,214
Q1,mGps_m_gps_object_len_count,0,1,1196.6161137440758,1218.4065420560748,21.790428311998994,0.06846977322079881,0.06846977322079881,211,214
Q1,mLight_m_light_mean,0,1,190.45977873332214,182.17315913785552,-8.286619595466618,-0.04674427428503794,0.04674427428503794,227,223
Q1,mLight_m_light_std,0,1,513.3857707796822,617.428175732897,104.04240495321483,0.10829262408801871,0.10829262408801871,227,223
Q1,mLight_m_light_min,0,1,0.039647577092511016,0.0,-0.039647577092511016,-0.09345023539910319,0.09345023539910319,227,223
Q1,mLight_m_light_max,0,1,4593.908408404447,5829.516202233832,1235.6077938293847,0.11603149556607904,0.11603149556607904,227,223
Q1,mLight_m_light_sum,0,1,25456.06100479622,25093.49378379578,-362.5672210004377,-0.015223668434402211,0.015223668434402211,227,223
Q1,mLight_m_light_median,0,1,51.026057402467934,30.408385766995863,-20.61767163547207,-0.36838262984346964,0.36838262984346964,227,223
Q1,mLight_m_light_count,0,1,135.73568281938327,139.04484304932734,3.3091602299440694,0.1954287160285436,0.1954287160285436,227,223
Q1,mScreenStatus_m_screen_use_value_0_count,0,1,1022.9823788546255,1054.3363228699552,31.353944015329716,0.15931081203066993,0.15931081203066993,227,223
Q1,mScreenStatus_m_screen_use_value_1_count,0,1,303.09251101321587,302.0493273542601,-1.0431836589557975,-0.007156540177300182,0.007156540177300182,227,223
Q1,mUsageStats_m_usage_stats_object_len_mean,0,1,3.5898808341384325,3.477002062337983,-0.11287877180044958,-0.1604285424754209,0.1604285424754209,217,223
Q1,mUsageStats_m_usage_stats_object_len_max,0,1,9.382488479262673,9.457399103139014,0.07491062387634173,0.03150963667833345,0.03150963667833345,217,223
Q1,mUsageStats_m_usage_stats_object_len_sum,0,1,227.83410138248848,231.81165919282512,3.9775578103366342,0.05151378880090645,0.05151378880090645,217,223
Q1,mUsageStats_m_usage_stats_object_len_count,0,1,63.20276497695853,67.18834080717488,3.985575830216355,0.22396075827064457,0.22396075827064457,217,223
Q1,mWifi_m_wifi_object_len_mean,0,1,16.97271755297895,14.818937782062127,-2.153779770916822,-0.33329522865639344,0.33329522865639344,220,219
Q1,mWifi_m_wifi_object_len_max,0,1,60.00909090909091,59.50228310502283,-0.5068078040680746,-0.016723554385373436,0.016723554385373436,220,219
Q1,mWifi_m_wifi_object_len_sum,0,1,1933.8181818181818,1691.2511415525114,-242.56704026567036,-0.23876234341017671,0.23876234341017671,220,219
Q1,mWifi_m_wifi_object_len_count,0,1,109.72727272727273,112.91780821917808,3.190535491905351,0.09751074689155244,0.09751074689155244,220,219
Q1,wHr_heart_rate_object_len_mean,0,1,50.483323999125716,50.394066676697435,-0.08925732242828133,-0.006645128015136979,0.006645128015136979,196,195
Q1,wHr_heart_rate_object_len_max,0,1,59.423469387755105,58.67179487179487,-0.7516745159602323,-0.09260378114903056,0.09260378114903056,196,195
Q1,wHr_heart_rate_object_len_sum,0,1,31767.566326530614,33298.338461538464,1530.77213500785,0.10065493727071727,0.10065493727071727,196,195
Q1,wHr_heart_rate_object_len_count,0,1,598.5612244897959,627.123076923077,28.561852433281047,0.1191174073976126,0.1191174073976126,196,195
Q1,wLight_w_light_mean,0,1,225.4107653326917,189.5289777644098,-35.88178756828191,-0.18210841935281943,0.18210841935281943,206,208
Q1,wLight_w_light_std,0,1,872.9135253490567,871.3814239425682,-1.5321014064885503,-0.0015222876620403832,0.0015222876620403832,206,208
Q1,wLight_w_light_min,0,1,0.024271844660194174,0.052884615384615384,0.02861277072442121,0.04822587932575852,0.04822587932575852,206,208
Q1,wLight_w_light_max,0,1,16230.184466019418,18524.533653846152,2294.349187826734,0.1008470697641241,0.1008470697641241,206,208
Q1,wLight_w_light_sum,0,1,199646.06310679612,192571.33653846153,-7074.72656833459,-0.04034334512789093,0.04034334512789093,206,208
Q1,wLight_w_light_median,0,1,60.109223300970875,39.28365384615385,-20.82556945481703,-0.3190698301396055,0.3190698301396055,206,208
Q1,wLight_w_light_count,0,1,931.5873786407767,1000.1201923076923,68.53281366691556,0.21340589967250043,0.21340589967250043,206,208
Q1,wPedo_step_mean,0,1,3.601390953876845,3.916915342178925,0.3155243883020802,0.11900414726217501,0.11900414726217501,204,200
Q1,wPedo_step_std,0,1,13.73716394023887,13.68370626295205,-0.05345767728682027,-0.00776641083558826,0.00776641083558826,204,200
Q1,wPedo_step_min,0,1,0.0,0.0,0.0,,,204,200
Q1,wPedo_step_max,0,1,116.40686274509804,116.17,-0.23686274509803695,-0.00491936561532564,0.00491936561532564,204,200
Q1,wPedo_step_sum,0,1,3848.779411764706,4230.81,382.03058823529454,0.14131065451371033,0.14131065451371033,204,200
Q1,wPedo_step_median,0,1,0.0,0.0,0.0,,,204,200
Q1,wPedo_step_count,0,1,1121.5539215686274,1152.355,30.801078431372616,0.10167776600031143,0.10167776600031143,204,200
Q1,wPedo_step_frequency_mean,0,1,0.06002318256461408,0.06528192236964875,0.005258739805034669,0.11900414726217502,0.11900414726217502,204,200
Q1,wPedo_step_frequency_std,0,1,0.2289527323373145,0.2280617710492008,-0.0008909612881136952,-0.00776641083558847,0.00776641083558847,204,200
Q1,wPedo_step_frequency_min,0,1,0.0,0.0,0.0,,,204,200
Q1,wPedo_step_frequency_max,0,1,1.940114379084967,1.9361666666666668,-0.003947712418300275,-0.0049193656153252155,0.0049193656153252155,204,200
Q1,wPedo_step_frequency_sum,0,1,64.14632352941176,70.5135,6.367176470588234,0.14131065451371014,0.14131065451371014,204,200
Q1,wPedo_step_frequency_median,0,1,0.0,0.0,0.0,,,204,200
Q1,wPedo_step_frequency_count,0,1,1121.5539215686274,1152.355,30.801078431372616,0.10167776600031143,0.10167776600031143,204,200
Q1,wPedo_running_step_mean,0,1,0.0,0.0,0.0,,,204,200
Q1,wPedo_running_step_std,0,1,0.0,0.0,0.0,,,204,200
Q1,wPedo_running_step_min,0,1,0.0,0.0,0.0,,,204,200
Q1,wPedo_running_step_max,0,1,0.0,0.0,0.0,,,204,200
Q1,wPedo_running_step_sum,0,1,0.0,0.0,0.0,,,204,200
Q1,wPedo_running_step_median,0,1,0.0,0.0,0.0,,,204,200
Q1,wPedo_running_step_count,0,1,1121.5539215686274,1152.355,30.801078431372616,0.10167776600031143,0.10167776600031143,204,200
Q1,wPedo_walking_step_mean,0,1,0.0,0.0,0.0,,,204,200
Q1,wPedo_walking_step_std,0,1,0.0,0.0,0.0,,,204,200
Q1,wPedo_walking_step_min,0,1,0.0,0.0,0.0,,,204,200
Q1,wPedo_walking_step_max,0,1,0.0,0.0,0.0,,,204,200
Q1,wPedo_walking_step_sum,0,1,0.0,0.0,0.0,,,204,200
Q1,wPedo_walking_step_median,0,1,0.0,0.0,0.0,,,204,200
Q1,wPedo_walking_step_count,0,1,1121.5539215686274,1152.355,30.801078431372616,0.10167776600031143,0.10167776600031143,204,200
Q1,wPedo_distance_mean,0,1,2.70385273805364,2.9018723758181744,0.19801963776453446,0.09978682649736188,0.09978682649736188,204,200
Q1,wPedo_distance_std,0,1,10.392884858148118,10.250608525819741,-0.1422763323283771,-0.026998404569139763,0.026998404569139763,204,200
Q1,wPedo_distance_min,0,1,0.0,0.0,0.0,,,204,200
Q1,wPedo_distance_max,0,1,90.86669013079475,90.1287514257431,-0.737938705051647,-0.018424728781036515,0.018424728781036515,204,200
Q1,wPedo_distance_sum,0,1,2897.8019406164394,3131.9630302929877,234.16108967654827,0.11643185111680963,0.11643185111680963,204,200
Q1,wPedo_distance_median,0,1,0.0,0.0,0.0,,,204,200
Q1,wPedo_distance_count,0,1,1121.5539215686274,1152.355,30.801078431372616,0.10167776600031143,0.10167776600031143,204,200
Q1,wPedo_speed_mean,0,1,0.045064212300894,0.04836453959696958,0.0033003272960755864,0.09978682649736223,0.09978682649736223,204,200
Q1,wPedo_speed_std,0,1,0.173214747635802,0.17084347543032902,-0.0023712722054729796,-0.02699840456914008,0.02699840456914008,204,200
Q1,wPedo_speed_min,0,1,0.0,0.0,0.0,,,204,200
Q1,wPedo_speed_max,0,1,1.514444835513246,1.5021458570957185,-0.012298978417527584,-0.018424728781036716,0.018424728781036716,204,200
Q1,wPedo_speed_sum,0,1,48.29669901027398,52.19938383821646,3.9026848279424797,0.11643185111680988,0.11643185111680988,204,200
Q1,wPedo_speed_median,0,1,0.0,0.0,0.0,,,204,200
Q1,wPedo_speed_count,0,1,1121.5539215686274,1152.355,30.801078431372616,0.10167776600031143,0.10167776600031143,204,200
Q1,wPedo_burned_calories_mean,0,1,0.16686405112301922,0.1864655465603151,0.01960149543729589,0.12543088869436697,0.12543088869436697,204,200
Q1,wPedo_burned_calories_std,0,1,1.422410684025092,1.550523940702587,0.12811325667749496,0.06441263191867781,0.06441263191867781,204,200
Q1,wPedo_burned_calories_min,0,1,0.0,0.0,0.0,,,204,200
Q1,wPedo_burned_calories_max,0,1,37.03518193768447,39.58575340442359,2.5505714667391217,0.03993614959135315,0.03993614959135315,204,200
Q1,wPedo_burned_calories_sum,0,1,179.28232884764964,196.11565510608256,16.83332625843292,0.11332442334101346,0.11332442334101346,204,200
Q1,wPedo_burned_calories_median,0,1,0.0,0.0,0.0,,,204,200
Q1,wPedo_burned_calories_count,0,1,1121.5539215686274,1152.355,30.801078431372616,0.10167776600031143,0.10167776600031143,204,200
Q2,mACStatus_m_charging_value_0_count,0,1,929.6649746192893,977.4822134387351,47.81723881944583,0.18821306059780665,0.18821306059780665,197,253
Q2,mACStatus_m_charging_value_1_count,0,1,426.34517766497464,354.1897233201581,-72.15545434481652,-0.294719526076714,0.294719526076714,197,253
Q2,mActivity_m_activity_value_0_count,0,1,107.86802030456853,91.58102766798419,-16.286992636584344,-0.20737884371079623,0.20737884371079623,197,253
Q2,mActivity_m_activity_value_1_count,0,1,1.619289340101523,1.4229249011857708,-0.19636443891575217,-0.0624835107161238,0.0624835107161238,197,253
Q2,mActivity_m_activity_value_3_count,0,1,1157.284263959391,1080.4861660079052,-76.79809795148572,-0.2524158324064417,0.2524158324064417,197,253
Q2,mActivity_m_activity_value_4_count,0,1,68.01522842639594,147.0909090909091,79.07568066451316,0.31520931275169345,0.31520931275169345,197,253
Q2,mActivity_m_activity_value_7_count,0,1,49.16751269035533,40.1699604743083,-8.997552216047033,-0.2551264752704104,0.2551264752704104,197,253
Q2,mActivity_m_activity_value_8_count,0,1,1.5126903553299493,1.0909090909090908,-0.4217812644208585,-0.12306862431244857,0.12306862431244857,197,253
Q2,mAmbience_m_ambience_object_len_mean,0,1,10.0,10.0,0.0,,,197,253
Q2,mAmbience_m_ambience_object_len_max,0,1,10.0,10.0,0.0,,,197,253
Q2,mAmbience_m_ambience_object_len_sum,0,1,6879.543147208122,6742.96442687747,-136.57872033065178,-0.15201530677691072,0.15201530677691072,197,253
Q2,mAmbience_m_ambience_object_len_count,0,1,687.9543147208121,674.296442687747,-13.657872033065132,-0.1520153067769102,0.1520153067769102,197,253
Q2,mBle_m_ble_object_len_mean,0,1,20.952975069199237,18.823274128186462,-2.129700941012775,-0.13793052480837356,0.13793052480837356,185,231
Q2,mBle_m_ble_object_len_max,0,1,60.443243243243245,52.303030303030305,-8.14021294021294,-0.2158545050741888,0.2158545050741888,185,231
Q2,mBle_m_ble_object_len_sum,0,1,708.4918918918919,661.8181818181819,-46.673710073710026,-0.06504106579902826,0.06504106579902826,185,231
Q2,mBle_m_ble_object_len_count,0,1,32.63243243243243,33.12987012987013,0.4974376974376966,0.029852639344516364,0.029852639344516364,185,231
Q2,mGps_m_gps_object_len_mean,0,1,10.7282592746015,10.126549822339364,-0.6017094522621367,-0.2805376562409277,0.2805376562409277,188,237
Q2,mGps_m_gps_object_len_max,0,1,19.00531914893617,18.552742616033754,-0.45257653290241606,-0.19427239708690688,0.19427239708690688,188,237
Q2,mGps_m_gps_object_len_sum,0,1,13288.675531914894,12123.021097046414,-1165.6544348684802,-0.2734319348649405,0.2734319348649405,188,237
Q2,mGps_m_gps_object_len_count,0,1,1232.3563829787233,1187.9409282700421,-44.41545470868118,-0.13956201630637324,0.13956201630637324,188,237
Q2,mLight_m_light_mean,0,1,215.94916481009184,163.30829562299525,-52.6408691870966,-0.2969436691929969,0.2969436691929969,197,253
Q2,mLight_m_light_std,0,1,722.1991862481502,442.49728642109983,-279.7018998270504,-0.29112795603192665,0.29112795603192665,197,253
Q2,mLight_m_light_min,0,1,0.0,0.03557312252964427,0.03557312252964427,0.08384665389563804,0.08384665389563804,197,253
Q2,mLight_m_light_max,0,1,6856.9750806934335,3920.8507150567098,-2936.1243656367237,-0.2757209067587642,0.2757209067587642,197,253
Q2,mLight_m_light_sum,0,1,29310.237392981042,22135.407887185516,-7174.829505795526,-0.3012606191155518,0.3012606191155518,197,253
Q2,mLight_m_light_median,0,1,39.847335176419485,41.55754951243344,1.710214336013955,0.030556954530835845,0.030556954530835845,197,253
Q2,mLight_m_light_count,0,1,138.3451776649746,136.62055335968378,-1.7246243052908312,-0.10185095014885474,0.10185095014885474,197,253
Q2,mScreenStatus_m_screen_use_value_0_count,0,1,1059.1725888324872,1022.4387351778656,-36.73385365462161,-0.18664637698760722,0.18664637698760722,197,253
Q2,mScreenStatus_m_screen_use_value_1_count,0,1,297.34010152284264,306.6521739130435,9.312072390200854,0.06388349704510081,0.06388349704510081,197,253
Q2,mUsageStats_m_usage_stats_object_len_mean,0,1,3.546128541681715,3.5227255478850954,-0.023402993796619587,-0.0332614195252791,0.0332614195252791,187,253
Q2,mUsageStats_m_usage_stats_object_len_max,0,1,9.406417112299465,9.430830039525691,0.024412927226226344,0.010268803373241283,0.010268803373241283,187,253
Q2,mUsageStats_m_usage_stats_object_len_sum,0,1,229.27272727272728,230.27667984189722,1.0039525691699396,0.013002300175235081,0.013002300175235081,187,253
Q2,mUsageStats_m_usage_stats_object_len_count,0,1,64.31550802139037,65.89328063241106,1.5777726110206913,0.08865949749691925,0.08865949749691925,187,253
Q2,mWifi_m_wifi_object_len_mean,0,1,16.922281638995425,15.087439175354538,-1.8348424636408875,-0.28394000478857107,0.28394000478857107,194,245
Q2,mWifi_m_wifi_object_len_max,0,1,64.68556701030928,55.85306122448979,-8.832505785819492,-0.29145346555957385,0.29145346555957385,194,245
Q2,mWifi_m_wifi_object_len_sum,0,1,2000.0463917525774,1664.5510204081634,-335.495371344414,-0.33023308103906696,0.33023308103906696,194,245
Q2,mWifi_m_wifi_object_len_count,0,1,115.18041237113403,108.26122448979592,-6.919187881338104,-0.21146769246228841,0.21146769246228841,194,245
Q2,wHr_heart_rate_object_len_mean,0,1,50.44603459982224,50.432955790813644,-0.013078809008597148,-0.0009737056611516403,0.0009737056611516403,175,216
Q2,wHr_heart_rate_object_len_max,0,1,58.94857142857143,59.129629629629626,0.18105820105819959,0.022305763558595537,0.022305763558595537,175,216
Q2,wHr_heart_rate_object_len_sum,0,1,32995.28571428572,32154.833333333332,-840.4523809523853,-0.0552634057996839,0.0552634057996839,175,216
Q2,wHr_heart_rate_object_len_count,0,1,623.4,604.2222222222222,-19.177777777777806,-0.07998105773680797,0.07998105773680797,175,216
Q2,wLight_w_light_mean,0,1,214.55777594724418,201.587146215247,-12.970629731997178,-0.0658289633427477,0.0658289633427477,185,229
Q2,wLight_w_light_std,0,1,917.4775990004774,835.5203781086094,-81.95722089186802,-0.0814322509270155,0.0814322509270155,185,229
Q2,wLight_w_light_min,0,1,0.0,0.06986899563318777,0.06986899563318777,0.11776188277852359,0.11776188277852359,185,229
Q2,wLight_w_light_max,0,1,18596.87027027027,16402.183406113538,-2194.6868641567307,-0.09646645788458548,0.09646645788458548,185,229
Q2,wLight_w_light_sum,0,1,205790.16216216216,188256.53711790394,-17533.625044258224,-0.09998479512545416,0.09998479512545416,185,229
Q2,wLight_w_light_median,0,1,48.8054054054054,50.32532751091703,1.5199221055116254,0.023286820035495,0.023286820035495,185,229
Q2,wLight_w_light_count,0,1,972.8108108108108,960.5327510917031,-12.278059719107773,-0.03823293164824192,0.03823293164824192,185,229
Q2,wPedo_step_mean,0,1,3.8812798961466943,3.658198400536859,-0.22308149560983548,-0.08413810196377801,0.08413810196377801,180,224
Q2,wPedo_step_std,0,1,14.268201666059278,13.262707127269953,-1.0054945387893248,-0.14607974153608658,0.14607974153608658,180,224
Q2,wPedo_step_min,0,1,0.0,0.0,0.0,,,180,224
Q2,wPedo_step_max,0,1,120.91111111111111,112.57589285714286,-8.33521825396825,-0.1731128551171463,0.1731128551171463,180,224
Q2,wPedo_step_sum,0,1,4278.794444444445,3844.3303571428573,-434.46408730158737,-0.160705468174386,0.160705468174386,180,224
Q2,wPedo_step_median,0,1,0.0,0.0,0.0,,,180,224
Q2,wPedo_step_count,0,1,1162.2611111111112,1116.34375,-45.91736111111118,-0.1515782867411537,0.1515782867411537,180,224
Q2,wPedo_step_frequency_mean,0,1,0.06468799826911156,0.06096997334228098,-0.003718024926830585,-0.08413810196377788,0.08413810196377788,180,224
Q2,wPedo_step_frequency_std,0,1,0.23780336110098793,0.22104511878783256,-0.01675824231315537,-0.14607974153608622,0.14607974153608622,180,224
Q2,wPedo_step_frequency_min,0,1,0.0,0.0,0.0,,,180,224
Q2,wPedo_step_frequency_max,0,1,2.015185185185185,1.876264880952381,-0.13892030423280421,-0.17311285511714636,0.17311285511714636,180,224
Q2,wPedo_step_frequency_sum,0,1,71.31324074074074,64.07217261904762,-7.241068121693118,-0.1607054681743859,0.1607054681743859,180,224
Q2,wPedo_step_frequency_median,0,1,0.0,0.0,0.0,,,180,224
Q2,wPedo_step_frequency_count,0,1,1162.2611111111112,1116.34375,-45.91736111111118,-0.1515782867411537,0.1515782867411537,180,224
Q2,wPedo_running_step_mean,0,1,0.0,0.0,0.0,,,180,224
Q2,wPedo_running_step_std,0,1,0.0,0.0,0.0,,,180,224
Q2,wPedo_running_step_min,0,1,0.0,0.0,0.0,,,180,224
Q2,wPedo_running_step_max,0,1,0.0,0.0,0.0,,,180,224
Q2,wPedo_running_step_sum,0,1,0.0,0.0,0.0,,,180,224
Q2,wPedo_running_step_median,0,1,0.0,0.0,0.0,,,180,224
Q2,wPedo_running_step_count,0,1,1162.2611111111112,1116.34375,-45.91736111111118,-0.1515782867411537,0.1515782867411537,180,224
Q2,wPedo_walking_step_mean,0,1,0.0,0.0,0.0,,,180,224
Q2,wPedo_walking_step_std,0,1,0.0,0.0,0.0,,,180,224
Q2,wPedo_walking_step_min,0,1,0.0,0.0,0.0,,,180,224
Q2,wPedo_walking_step_max,0,1,0.0,0.0,0.0,,,180,224
Q2,wPedo_walking_step_sum,0,1,0.0,0.0,0.0,,,180,224
Q2,wPedo_walking_step_median,0,1,0.0,0.0,0.0,,,180,224
Q2,wPedo_walking_step_count,0,1,1162.2611111111112,1116.34375,-45.91736111111118,-0.1515782867411537,0.1515782867411537,180,224
Q2,wPedo_distance_mean,0,1,2.9137537360500647,2.711985541239133,-0.20176819481093178,-0.10167581395248036,0.10167581395248036,180,224
Q2,wPedo_distance_std,0,1,10.793456055261487,9.943964849460254,-0.8494912058012325,-0.1611997362935512,0.1611997362935512,180,224
Q2,wPedo_distance_min,0,1,0.0,0.0,0.0,,,180,224
Q2,wPedo_distance_max,0,1,94.4028507868449,87.36625861695835,-7.036592169886546,-0.1756884432072865,0.1756884432072865,180,224
Q2,wPedo_distance_sum,0,1,3218.817093406783,2848.9157371925457,-369.90135621423724,-0.18392594471666152,0.18392594471666152,180,224
Q2,wPedo_distance_median,0,1,0.0,0.0,0.0,,,180,224
Q2,wPedo_distance_count,0,1,1162.2611111111112,1116.34375,-45.91736111111118,-0.1515782867411537,0.1515782867411537,180,224
Q2,wPedo_speed_mean,0,1,0.04856256226750109,0.045199759020652215,-0.0033628032468488722,-0.10167581395248063,0.10167581395248063,180,224
Q2,wPedo_speed_std,0,1,0.17989093425435812,0.16573274749100422,-0.014158186763353897,-0.16119973629355144,0.16119973629355144,180,224
Q2,wPedo_speed_min,0,1,0.0,0.0,0.0,,,180,224
Q2,wPedo_speed_max,0,1,1.5733808464474148,1.456104310282639,-0.11727653616477585,-0.1756884432072866,0.1756884432072866,180,224
Q2,wPedo_speed_sum,0,1,53.64695155677972,47.4819289532091,-6.16502260357062,-0.18392594471666146,0.18392594471666146,180,224
Q2,wPedo_speed_median,0,1,0.0,0.0,0.0,,,180,224
Q2,wPedo_speed_count,0,1,1162.2611111111112,1116.34375,-45.91736111111118,-0.1515782867411537,0.1515782867411537,180,224
Q2,wPedo_burned_calories_mean,0,1,0.17461434353847483,0.1781374727867566,0.00352312924828177,0.02254466930907098,0.02254466930907098,180,224
Q2,wPedo_burned_calories_std,0,1,1.389143879176519,1.5635297742404592,0.1743858950639403,0.0876775344087865,0.0876775344087865,180,224
Q2,wPedo_burned_calories_min,0,1,0.0,0.0,0.0,,,180,224
Q2,wPedo_burned_calories_max,0,1,35.35109488034828,40.665762132632416,5.3146672522841385,0.08321560449621164,0.08321560449621164,180,224
Q2,wPedo_burned_calories_sum,0,1,190.91884232436618,184.9613146774604,-5.957527646905788,-0.040106950626322274,0.040106950626322274,180,224
Q2,wPedo_burned_calories_median,0,1,0.0,0.0,0.0,,,180,224
Q2,wPedo_burned_calories_count,0,1,1162.2611111111112,1116.34375,-45.91736111111118,-0.1515782867411537,0.1515782867411537,180,224
Q3,mACStatus_m_charging_value_0_count,0,1,937.6722222222222,969.1333333333333,31.46111111111111,0.1238338339524078,0.1238338339524078,180,270
Q3,mACStatus_m_charging_value_1_count,0,1,392.2055555555556,381.4925925925926,-10.71296296296299,-0.04375718226696547,0.04375718226696547,180,270
Q3,mActivity_m_activity_value_0_count,0,1,92.65,102.75185185185185,10.101851851851848,0.1286247500148769,0.1286247500148769,180,270
Q3,mActivity_m_activity_value_1_count,0,1,1.55,1.4814814814814814,-0.06851851851851865,-0.02180271341259309,0.02180271341259309,180,270
Q3,mActivity_m_activity_value_3_count,0,1,1091.6888888888889,1129.0518518518518,37.36296296296291,0.12280256476436452,0.12280256476436452,180,270
Q3,mActivity_m_activity_value_4_count,0,1,127.1,102.72222222222223,-24.377777777777766,-0.09717403018441842,0.09717403018441842,180,270
Q3,mActivity_m_activity_value_7_count,0,1,45.48888888888889,43.18888888888889,-2.299999999999997,-0.06521672550845642,0.06521672550845642,180,270
Q3,mActivity_m_activity_value_8_count,0,1,1.3333333333333333,1.237037037037037,-0.09629629629629632,-0.02809762716189309,0.02809762716189309,180,270
Q3,mAmbience_m_ambience_object_len_mean,0,1,10.0,10.0,0.0,,,180,270
Q3,mAmbience_m_ambience_object_len_max,0,1,10.0,10.0,0.0,,,180,270
Q3,mAmbience_m_ambience_object_len_sum,0,1,6736.388888888889,6847.0,110.61111111111131,0.12311275100383935,0.12311275100383935,180,270
Q3,mAmbience_m_ambience_object_len_count,0,1,673.6388888888889,684.7,11.061111111111131,0.12311275100383934,0.12311275100383934,180,270
Q3,mBle_m_ble_object_len_mean,0,1,23.62605152811043,17.4091494960135,-6.216902032096929,-0.4026389543508352,0.4026389543508352,158,258
Q3,mBle_m_ble_object_len_max,0,1,65.74050632911393,49.91085271317829,-15.829653615935634,-0.4197558555113481,0.4197558555113481,158,258
Q3,mBle_m_ble_object_len_sum,0,1,818.6772151898734,599.2248062015503,-219.4524089883231,-0.30581281304235963,0.30581281304235963,158,258
Q3,mBle_m_ble_object_len_count,0,1,33.436708860759495,32.58527131782946,-0.8514375429300358,-0.05109716859899838,0.05109716859899838,158,258
Q3,mGps_m_gps_object_len_mean,0,1,10.413495652419881,10.3797910693705,-0.0337045830493814,-0.01571423665974235,0.01571423665974235,163,262
Q3,mGps_m_gps_object_len_max,0,1,18.699386503067483,18.786259541984734,0.08687303891725051,0.037291004472645536,0.037291004472645536,163,262
Q3,mGps_m_gps_object_len_sum,0,1,12422.883435582822,12772.889312977099,350.00587739427647,0.08210219204529189,0.08210219204529189,163,262
Q3,mGps_m_gps_object_len_count,0,1,1169.0,1231.5954198473282,62.59541984732823,0.19668701047272238,0.19668701047272238,163,262
Q3,mLight_m_light_mean,0,1,215.81092778122573,166.7148787392047,-49.096049042021036,-0.27694757268541864,0.27694757268541864,180,270
Q3,mLight_m_light_std,0,1,697.1150481394826,476.83090551969264,-220.28414261978998,-0.2292829338191813,0.2292829338191813,180,270
Q3,mLight_m_light_min,0,1,0.0,0.03333333333333333,0.03333333333333333,0.07856742013183861,0.07856742013183861,180,270
Q3,mLight_m_light_max,0,1,6775.188962215848,4160.241883730006,-2614.947078485842,-0.24556029984443242,0.24556029984443242,180,270
Q3,mLight_m_light_sum,0,1,28800.318856534694,22927.102102588724,-5873.21675394597,-0.24660779939988434,0.24660779939988434,180,270
Q3,mLight_m_light_median,0,1,54.038791751861574,31.98889830024154,-22.049893451620033,-0.39397260180926846,0.39397260180926846,180,270
Q3,mLight_m_light_count,0,1,135.63333333333333,138.53703703703704,2.9037037037037123,0.17148371402726978,0.17148371402726978,180,270
Q3,mScreenStatus_m_screen_use_value_0_count,0,1,1023.7277777777778,1048.3814814814814,24.653703703703627,0.12526658702587012,0.12526658702587012,180,270
Q3,mScreenStatus_m_screen_use_value_1_count,0,1,308.59444444444443,298.56296296296296,-10.031481481481478,-0.0688188504907427,0.0688188504907427,180,270
Q3,mUsageStats_m_usage_stats_object_len_mean,0,1,3.595053220058899,3.493016729662967,-0.10203649039593232,-0.14501898959766593,0.14501898959766593,171,269
Q3,mUsageStats_m_usage_stats_object_len_max,0,1,9.602339181286549,9.304832713754648,-0.29750646753190146,-0.12514006980984738,0.12514006980984738,171,269
Q3,mUsageStats_m_usage_stats_object_len_sum,0,1,227.38011695906434,231.4200743494424,4.039957390378049,0.052321932627041476,0.052321932627041476,171,269
Q3,mUsageStats_m_usage_stats_object_len_count,0,1,63.578947368421055,66.26765799256506,2.688710624144008,0.15108624093621667,0.15108624093621667,171,269
Q3,mWifi_m_wifi_object_len_mean,0,1,17.1606038105707,15.077296153000919,-2.0833076575697795,-0.3223897408024039,0.3223897408024039,173,266
Q3,mWifi_m_wifi_object_len_max,0,1,63.213872832369944,57.50751879699248,-5.7063540353774656,-0.1882972623681461,0.1882972623681461,173,266
Q3,mWifi_m_wifi_object_len_sum,0,1,1919.6300578034682,1743.3383458646617,-176.29171193880643,-0.17352655257779617,0.17352655257779617,173,266
Q3,mWifi_m_wifi_object_len_count,0,1,107.11560693641619,114.05263157894737,6.937024642531185,0.21201282850934894,0.21201282850934894,173,266
Q3,wHr_heart_rate_object_len_mean,0,1,50.32430425003278,50.516456799482654,0.19215254944987237,0.014305585858855649,0.014305585858855649,158,233
Q3,wHr_heart_rate_object_len_max,0,1,59.107594936708864,59.00858369098712,-0.09901124572174069,-0.012197853639345736,0.012197853639345736,158,233
Q3,wHr_heart_rate_object_len_sum,0,1,34001.44936708861,31533.862660944207,-2467.5867061444005,-0.16225457691372647,0.16225457691372647,158,233
Q3,wHr_heart_rate_object_len_count,0,1,642.5126582278481,592.6609442060086,-49.851714021839484,-0.20790692559175086,0.20790692559175086,158,233
Q3,wLight_w_light_mean,0,1,217.66780455314495,200.63650034726382,-17.031304205881128,-0.0864378309622367,0.0864378309622367,164,250
Q3,wLight_w_light_std,0,1,866.2951770795486,875.9804534436557,9.685276364107153,0.009623238155183981,0.009623238155183981,164,250
Q3,wLight_w_light_min,0,1,0.0,0.064,0.064,0.10786988462512762,0.10786988462512762,164,250
Q3,wLight_w_light_max,0,1,17139.396341463416,17542.64,403.2436585365831,0.017724390681306556,0.017724390681306556,164,250
Q3,wLight_w_light_sum,0,1,205161.17073170733,190141.98,-15019.19073170732,-0.08564633408489811,0.08564633408489811,164,250
Q3,wLight_w_light_median,0,1,63.28048780487805,40.702,-22.57848780487805,-0.34592639996431196,0.34592639996431196,164,250
Q3,wLight_w_light_count,0,1,964.0670731707318,967.3,3.2329268292681945,0.010067084972295645,0.010067084972295645,164,250
Q3,wPedo_step_mean,0,1,3.698225557993523,3.7969239020152443,0.0986983440217215,0.037225370532209735,0.037225370532209735,161,243
Q3,wPedo_step_std,0,1,13.977592298657717,13.533869696770564,-0.44372260188715273,-0.06446467931635004,0.06446467931635004,161,243
Q3,wPedo_step_min,0,1,0.0,0.0,0.0,,,161,243
Q3,wPedo_step_max,0,1,118.80745341614907,114.62139917695474,-4.186054239194334,-0.08693951123321421,0.08693951123321421,161,243
Q3,wPedo_step_sum,0,1,3997.813664596273,4064.465020576132,66.65135597985864,0.02465390737754013,0.02465390737754013,161,243
Q3,wPedo_step_median,0,1,0.0,0.0,0.0,,,161,243
Q3,wPedo_step_count,0,1,1148.670807453416,1128.9382716049383,-19.73253584847771,-0.06513928293337559,0.06513928293337559,161,243
Q3,wPedo_step_frequency_mean,0,1,0.06163709263322537,0.06328206503358738,0.001644972400362009,0.037225370532209374,0.037225370532209374,161,243
Q3,wPedo_step_frequency_std,0,1,0.2329598716442953,0.2255644949461761,-0.00739537669811921,-0.06446467931635004,0.06446467931635004,161,243
Q3,wPedo_step_frequency_min,0,1,0.0,0.0,0.0,,,161,243
Q3,wPedo_step_frequency_max,0,1,1.980124223602484,1.9103566529492457,-0.06976757065323835,-0.08693951123321353,0.08693951123321353,161,243
Q3,wPedo_step_frequency_sum,0,1,66.63022774327122,67.74108367626886,1.1108559329976373,0.024653907377539985,0.024653907377539985,161,243
Q3,wPedo_step_frequency_median,0,1,0.0,0.0,0.0,,,161,243
Q3,wPedo_step_frequency_count,0,1,1148.670807453416,1128.9382716049383,-19.73253584847771,-0.06513928293337559,0.06513928293337559,161,243
Q3,wPedo_running_step_mean,0,1,0.0,0.0,0.0,,,161,243
Q3,wPedo_running_step_std,0,1,0.0,0.0,0.0,,,161,243
Q3,wPedo_running_step_min,0,1,0.0,0.0,0.0,,,161,243
Q3,wPedo_running_step_max,0,1,0.0,0.0,0.0,,,161,243
Q3,wPedo_running_step_sum,0,1,0.0,0.0,0.0,,,161,243
Q3,wPedo_running_step_median,0,1,0.0,0.0,0.0,,,161,243
Q3,wPedo_running_step_count,0,1,1148.670807453416,1128.9382716049383,-19.73253584847771,-0.06513928293337559,0.06513928293337559,161,243
Q3,wPedo_walking_step_mean,0,1,0.0,0.0,0.0,,,161,243
Q3,wPedo_walking_step_std,0,1,0.0,0.0,0.0,,,161,243
Q3,wPedo_walking_step_min,0,1,0.0,0.0,0.0,,,161,243
Q3,wPedo_walking_step_max,0,1,0.0,0.0,0.0,,,161,243
Q3,wPedo_walking_step_sum,0,1,0.0,0.0,0.0,,,161,243
Q3,wPedo_walking_step_median,0,1,0.0,0.0,0.0,,,161,243
Q3,wPedo_walking_step_count,0,1,1148.670807453416,1128.9382716049383,-19.73253584847771,-0.06513928293337559,0.06513928293337559,161,243
Q3,wPedo_distance_mean,0,1,2.7726094871314095,2.821276980651936,0.04866749352052668,0.024524712734648086,0.024524712734648086,161,243
Q3,wPedo_distance_std,0,1,10.560181460057091,10.164942391592481,-0.3952390684646101,-0.07500069827010272,0.07500069827010272,161,243
Q3,wPedo_distance_min,0,1,0.0,0.0,0.0,,,161,243
Q3,wPedo_distance_max,0,1,92.64633872938452,89.08022442962897,-3.5661142997555544,-0.08903813870363865,0.08903813870363865,161,243
Q3,wPedo_distance_sum,0,1,3003.5179272556898,3020.4848380912968,16.966910835606996,0.008436452183632911,0.008436452183632911,161,243
Q3,wPedo_distance_median,0,1,0.0,0.0,0.0,,,161,243
Q3,wPedo_distance_count,0,1,1148.670807453416,1128.9382716049383,-19.73253584847771,-0.06513928293337559,0.06513928293337559,161,243
Q3,wPedo_speed_mean,0,1,0.046210158118856835,0.047021283010865604,0.0008111248920087688,0.024524712734647805,0.024524712734647805,161,243
Q3,wPedo_speed_std,0,1,0.17600302433428486,0.1694157065265413,-0.006587317807743548,-0.07500069827010325,0.07500069827010325,161,243
Q3,wPedo_speed_min,0,1,0.0,0.0,0.0,,,161,243
Q3,wPedo_speed_max,0,1,1.544105645489742,1.484670407160483,-0.0594352383292589,-0.08903813870363814,0.08903813870363814,161,243
Q3,wPedo_speed_sum,0,1,50.05863212092816,50.34141396818828,0.282781847260118,0.008436452183632955,0.008436452183632955,161,243
Q3,wPedo_speed_median,0,1,0.0,0.0,0.0,,,161,243
Q3,wPedo_speed_count,0,1,1148.670807453416,1128.9382716049383,-19.73253584847771,-0.06513928293337559,0.06513928293337559,161,243
Q3,wPedo_burned_calories_mean,0,1,0.17928800373634393,0.17476546147986652,-0.004522542256477413,-0.0289399600251136,0.0289399600251136,161,243
Q3,wPedo_burned_calories_std,0,1,1.543269550465124,1.4477784775997995,-0.09549107286532443,-0.04801088886123268,0.04801088886123268,161,243
Q3,wPedo_burned_calories_min,0,1,0.0,0.0,0.0,,,161,243
Q3,wPedo_burned_calories_max,0,1,39.45571870646029,37.53068759025615,-1.9250311162041385,-0.0301416100773001,0.0301416100773001,161,243
Q3,wPedo_burned_calories_sum,0,1,190.20559355588804,185.8996935952225,-4.305899960665556,-0.028987950599606755,0.028987950599606755,161,243
Q3,wPedo_burned_calories_median,0,1,0.0,0.0,0.0,,,161,243
Q3,wPedo_burned_calories_count,0,1,1148.670807453416,1128.9382716049383,-19.73253584847771,-0.06513928293337559,0.06513928293337559,161,243
S1,mACStatus_m_charging_value_0_count,0,1,936.4895104895105,965.8925081433225,29.402997653812008,0.11573290963265666,0.11573290963265666,143,307
S1,mACStatus_m_charging_value_1_count,0,1,382.993006993007,387.07491856677524,4.081911573768252,0.016672600227268266,0.016672600227268266,143,307
S1,mActivity_m_activity_value_0_count,0,1,91.62937062937063,102.00977198697069,10.380401357600064,0.13217146214935188,0.13217146214935188,143,307
S1,mActivity_m_activity_value_1_count,0,1,1.5524475524475525,1.488599348534202,-0.06384820391335055,-0.020316611069974472,0.020316611069974472,143,307
S1,mActivity_m_activity_value_3_count,0,1,1070.5034965034965,1134.4169381107492,63.91344160725271,0.2100672411893125,0.2100672411893125,143,307
S1,mActivity_m_activity_value_4_count,0,1,139.25874125874125,99.99674267100977,-39.26199858773148,-0.1565051035678365,0.1565051035678365,143,307
S1,mActivity_m_activity_value_7_count,0,1,45.33566433566433,43.53745928338762,-1.798205052276714,-0.0509882805661957,0.0509882805661957,143,307
S1,mActivity_m_activity_value_8_count,0,1,1.013986013986014,1.3973941368078175,0.3834081228218036,0.11187199196884053,0.11187199196884053,143,307
S1,mAmbience_m_ambience_object_len_mean,0,1,10.0,10.0,0.0,,,143,307
S1,mAmbience_m_ambience_object_len_max,0,1,10.0,10.0,0.0,,,143,307
S1,mAmbience_m_ambience_object_len_sum,0,1,6658.181818181818,6870.097719869706,211.91590168788844,0.23586734981847868,0.23586734981847868,143,307
S1,mAmbience_m_ambience_object_len_count,0,1,665.8181818181819,687.0097719869707,21.19159016878882,0.23586734981847843,0.23586734981847843,143,307
S1,mBle_m_ble_object_len_mean,0,1,19.108882182154566,20.051285345293714,0.9424031631391472,0.06103493705132102,0.06103493705132102,124,292
S1,mBle_m_ble_object_len_max,0,1,57.66935483870968,55.18150684931507,-2.4878479893946093,-0.06597041138785509,0.06597041138785509,124,292
S1,mBle_m_ble_object_len_sum,0,1,722.2741935483871,665.7157534246576,-56.5584401237295,-0.07881570202515253,0.07881570202515253,124,292
S1,mBle_m_ble_object_len_count,0,1,37.685483870967744,30.88013698630137,-6.805346884666374,-0.40840806237391863,0.40840806237391863,124,292
S1,mGps_m_gps_object_len_mean,0,1,10.404868520165607,10.387422339250499,-0.0174461809151083,-0.008134010004129806,0.008134010004129806,129,296
S1,mGps_m_gps_object_len_max,0,1,18.31782945736434,18.94256756756757,0.6247381102032286,0.26817424545274626,0.26817424545274626,129,296
S1,mGps_m_gps_object_len_sum,0,1,12297.596899224805,12787.287162162162,489.69026293735624,0.1148684825229445,0.1148684825229445,129,296
S1,mGps_m_gps_object_len_count,0,1,1151.5891472868218,1231.9932432432433,80.40409595642154,0.25264534213529155,0.25264534213529155,129,296
S1,mLight_m_light_mean,0,1,193.45533376848329,183.045184141084,-10.410149627399278,-0.05872296705856402,0.05872296705856402,143,307
S1,mLight_m_light_std,0,1,651.8300338923104,524.4734798333012,-127.35655405900923,-0.13255917565592149,0.13255917565592149,143,307
S1,mLight_m_light_min,0,1,0.06293706293706294,0.0,-0.06293706293706294,-0.14834407996920576,0.14834407996920576,143,307
S1,mLight_m_light_max,0,1,6461.874929561482,4621.339436086847,-1840.5354934746347,-0.17283808585283333,0.17283808585283333,143,307
S1,mLight_m_light_sum,0,1,26107.54203436758,24889.23925394344,-1218.3027804241392,-0.051154755608381446,0.051154755608381446,143,307
S1,mLight_m_light_median,0,1,49.52041977435559,36.751026152011235,-12.769393622344353,-0.22815489970324848,0.22815489970324848,143,307
S1,mLight_m_light_count,0,1,135.33566433566435,138.3257328990228,2.9900685633584487,0.1765841541569385,0.1765841541569385,143,307
S1,mScreenStatus_m_screen_use_value_0_count,0,1,969.2587412587412,1070.7817589576548,101.52301769891358,0.5158430588990741,0.5158430588990741,143,307
S1,mScreenStatus_m_screen_use_value_1_count,0,1,348.75524475524475,281.06514657980455,-67.6900981754402,-0.46437355784774426,0.46437355784774426,143,307
S1,mUsageStats_m_usage_stats_object_len_mean,0,1,3.713109949282792,3.4457942025655575,-0.2673157467172347,-0.37992152946515256,0.37992152946515256,143,297
S1,mUsageStats_m_usage_stats_object_len_max,0,1,9.713286713286713,9.27946127946128,-0.43382543382543304,-0.18247988194871978,0.18247988194871978,143,297
S1,mUsageStats_m_usage_stats_object_len_sum,0,1,236.6993006993007,226.55218855218854,-10.147112147112153,-0.1314163657727475,0.1314163657727475,143,297
S1,mUsageStats_m_usage_stats_object_len_count,0,1,63.89510489510489,65.86195286195286,1.9668479668479648,0.11052274020701135,0.11052274020701135,143,297
S1,mWifi_m_wifi_object_len_mean,0,1,15.973008088552623,15.864381217865116,-0.1086268706875071,-0.01680989774019907,0.01680989774019907,137,302
S1,mWifi_m_wifi_object_len_max,0,1,63.02919708029197,58.271523178807946,-4.757673901484026,-0.1569928829048826,0.1569928829048826,137,302
S1,mWifi_m_wifi_object_len_sum,0,1,1733.8175182481752,1848.6456953642385,114.82817711606322,0.11302708161719802,0.11302708161719802,137,302
S1,mWifi_m_wifi_object_len_count,0,1,104.72992700729927,114.30794701986756,9.578020012568288,0.2927282544066044,0.2927282544066044,137,302
S1,wHr_heart_rate_object_len_mean,0,1,50.15067445771664,50.56948781391527,0.41881335619863336,0.031180280683697287,0.031180280683697287,122,269
S1,wHr_heart_rate_object_len_max,0,1,59.90163934426229,58.66171003717472,-1.2399293070875714,-0.1527551350428931,0.1527551350428931,122,269
S1,wHr_heart_rate_object_len_sum,0,1,32055.524590163935,32746.63568773234,691.111097568406,0.04544356575479977,0.04544356575479977,122,269
S1,wHr_heart_rate_object_len_count,0,1,612.4262295081967,612.9776951672862,0.5514656590895584,0.0022998914280161,0.0022998914280161,122,269
S1,wLight_w_light_mean,0,1,232.85943359140052,196.10974553109367,-36.74968806030685,-0.18651321625591208,0.18651321625591208,127,287
S1,wLight_w_light_std,0,1,906.7733102869356,856.8199024234113,-49.95340786352426,-0.04963343558426681,0.04963343558426681,127,287
S1,wLight_w_light_min,0,1,0.03937007874015748,0.03832752613240418,-0.0010425526077533012,-0.0017571879611558519,0.0017571879611558519,127,287
S1,wLight_w_light_max,0,1,17133.732283464567,17493.160278745643,359.4279952810757,0.015798493231810207,0.015798493231810207,127,287
S1,wLight_w_light_sum,0,1,199134.47244094487,194745.11846689894,-4389.353974045924,-0.025030115376614433,0.025030115376614433,127,287
S1,wLight_w_light_median,0,1,67.58267716535433,41.70905923344948,-25.873617931904846,-0.3964112912514095,0.3964112912514095,127,287
S1,wLight_w_light_count,0,1,931.7637795275591,981.177700348432,49.41392082087293,0.15387114091617735,0.15387114091617735,127,287
S1,wPedo_step_mean,0,1,3.7331526606617835,3.768413903945001,0.035261243283217336,0.013299238803391449,0.013299238803391449,124,280
S1,wPedo_step_std,0,1,14.338170493969777,13.432819839810314,-0.9053506541594629,-0.13153068908597176,0.13153068908597176,124,280
S1,wPedo_step_min,0,1,0.0,0.0,0.0,,,124,280
S1,wPedo_step_max,0,1,122.6774193548387,113.46071428571429,-9.216705069124416,-0.19142031806176152,0.19142031806176152,124,280
S1,wPedo_step_sum,0,1,3856.5887096774195,4118.2,261.6112903225803,0.09676833165225779,0.09676833165225779,124,280
S1,wPedo_step_median,0,1,0.0,0.0,0.0,,,124,280
S1,wPedo_step_count,0,1,1099.3467741935483,1153.3892857142857,54.042511520737435,0.17840030675282434,0.17840030675282434,124,280
S1,wPedo_step_frequency_mean,0,1,0.06221921101102971,0.06280689839908335,0.0005876873880536412,0.013299238803391879,0.013299238803391879,124,280
S1,wPedo_step_frequency_std,0,1,0.2389695082328296,0.22388033066350524,-0.015089177569324375,-0.1315306890859717,0.1315306890859717,124,280
S1,wPedo_step_frequency_min,0,1,0.0,0.0,0.0,,,124,280
S1,wPedo_step_frequency_max,0,1,2.0446236559139783,1.8910119047619047,-0.1536117511520736,-0.19142031806176152,0.19142031806176152,124,280
S1,wPedo_step_frequency_sum,0,1,64.27647849462365,68.63666666666667,4.360188172043024,0.09676833165225822,0.09676833165225822,124,280
S1,wPedo_step_frequency_median,0,1,0.0,0.0,0.0,,,124,280
S1,wPedo_step_frequency_count,0,1,1099.3467741935483,1153.3892857142857,54.042511520737435,0.17840030675282434,0.17840030675282434,124,280
S1,wPedo_running_step_mean,0,1,0.0,0.0,0.0,,,124,280
S1,wPedo_running_step_std,0,1,0.0,0.0,0.0,,,124,280
S1,wPedo_running_step_min,0,1,0.0,0.0,0.0,,,124,280
S1,wPedo_running_step_max,0,1,0.0,0.0,0.0,,,124,280
S1,wPedo_running_step_sum,0,1,0.0,0.0,0.0,,,124,280
S1,wPedo_running_step_median,0,1,0.0,0.0,0.0,,,124,280
S1,wPedo_running_step_count,0,1,1099.3467741935483,1153.3892857142857,54.042511520737435,0.17840030675282434,0.17840030675282434,124,280
S1,wPedo_walking_step_mean,0,1,0.0,0.0,0.0,,,124,280
S1,wPedo_walking_step_std,0,1,0.0,0.0,0.0,,,124,280
S1,wPedo_walking_step_min,0,1,0.0,0.0,0.0,,,124,280
S1,wPedo_walking_step_max,0,1,0.0,0.0,0.0,,,124,280
S1,wPedo_walking_step_sum,0,1,0.0,0.0,0.0,,,124,280
S1,wPedo_walking_step_median,0,1,0.0,0.0,0.0,,,124,280
S1,wPedo_walking_step_count,0,1,1099.3467741935483,1153.3892857142857,54.042511520737435,0.17840030675282434,0.17840030675282434,124,280
S1,wPedo_distance_mean,0,1,2.8071629330690744,2.79954367866433,-0.007619254404744424,-0.0038395243315694164,0.0038395243315694164,124,280
S1,wPedo_distance_std,0,1,10.859824246147083,10.084471463228306,-0.7753527829187767,-0.14713120428726695,0.14713120428726695,124,280
S1,wPedo_distance_min,0,1,0.0,0.0,0.0,,,124,280
S1,wPedo_distance_max,0,1,95.45452687048143,88.30783478532518,-7.146692085156246,-0.178437399270673,0.178437399270673,124,280
S1,wPedo_distance_sum,0,1,2904.630646701782,3062.035720547608,157.40507384582588,0.07826647949222927,0.07826647949222927,124,280
S1,wPedo_distance_median,0,1,0.0,0.0,0.0,,,124,280
S1,wPedo_distance_count,0,1,1099.3467741935483,1153.3892857142857,54.042511520737435,0.17840030675282434,0.17840030675282434,124,280
S1,wPedo_speed_mean,0,1,0.04678604888448457,0.04665906131107216,-0.00012698757341240985,-0.0038395243315694997,0.0038395243315694997,124,280
S1,wPedo_speed_std,0,1,0.1809970707691181,0.16807452438713844,-0.012922546381979677,-0.14713120428726767,0.14713120428726767,124,280
S1,wPedo_speed_min,0,1,0.0,0.0,0.0,,,124,280
S1,wPedo_speed_max,0,1,1.5909087811746905,1.4717972464220865,-0.11911153475260394,-0.17843739927067276,0.17843739927067276,124,280
S1,wPedo_speed_sum,0,1,48.410510778363026,51.03392867579347,2.6234178974304427,0.0782664794922296,0.0782664794922296,124,280
S1,wPedo_speed_median,0,1,0.0,0.0,0.0,,,124,280
S1,wPedo_speed_count,0,1,1099.3467741935483,1153.3892857142857,54.042511520737435,0.17840030675282434,0.17840030675282434,124,280
S1,wPedo_burned_calories_mean,0,1,0.19430878073184277,0.16871102475146588,-0.02559775598037689,-0.16380124115893258,0.16380124115893258,124,280
S1,wPedo_burned_calories_std,0,1,1.739852964280159,1.3733385718246307,-0.3665143924555283,-0.18427567346574916,0.18427567346574916,124,280
S1,wPedo_burned_calories_min,0,1,0.0,0.0,0.0,,,124,280
S1,wPedo_burned_calories_max,0,1,44.53410117517436,35.536068751609754,-8.998032423564602,-0.14088872771510413,0.14088872771510413,124,280
S1,wPedo_burned_calories_sum,0,1,194.4611549289717,184.58408176765911,-9.87707316131258,-0.06649390638062463,0.06649390638062463,124,280
S1,wPedo_burned_calories_median,0,1,0.0,0.0,0.0,,,124,280
S1,wPedo_burned_calories_count,0,1,1099.3467741935483,1153.3892857142857,54.042511520737435,0.17840030675282434,0.17840030675282434,124,280
S2,mACStatus_m_charging_value_0_count,0,1,959.8152866242038,954.7986348122867,-5.0166518119172,-0.019746004051795878,0.019746004051795878,157,293
S2,mACStatus_m_charging_value_1_count,0,1,364.54140127388536,397.15699658703073,32.61559531314538,0.1332186579751006,0.1332186579751006,157,293
S2,mActivity_m_activity_value_0_count,0,1,98.69426751592357,98.72013651877133,0.02586900284775595,0.00032938455970493935,0.00032938455970493935,157,293
S2,mActivity_m_activity_value_1_count,0,1,1.4713375796178343,1.52901023890785,0.05767265929001564,0.01835154188137459,0.01835154188137459,157,293
S2,mActivity_m_activity_value_3_count,0,1,1099.4777070063694,1121.9453924914676,22.467685485098173,0.07384557281027647,0.07384557281027647,157,293
S2,mActivity_m_activity_value_4_count,0,1,111.29299363057325,113.10580204778157,1.8128084172083163,0.007226167268328711,0.007226167268328711,157,293
S2,mActivity_m_activity_value_7_count,0,1,44.2484076433121,44.034129692832764,-0.2142779504793353,-0.006075872295184976,0.006075872295184976,157,293
S2,mActivity_m_activity_value_8_count,0,1,1.0382165605095541,1.4027303754266212,0.364513814917067,0.10635895315625936,0.10635895315625936,157,293
S2,mAmbience_m_ambience_object_len_mean,0,1,10.0,10.0,0.0,,,157,293
S2,mAmbience_m_ambience_object_len_max,0,1,10.0,10.0,0.0,,,157,293
S2,mAmbience_m_ambience_object_len_sum,0,1,6705.031847133758,6855.1194539249145,150.08760679115676,0.16705101303141753,0.16705101303141753,157,293
S2,mAmbience_m_ambience_object_len_count,0,1,670.5031847133758,685.5119453924915,15.008760679115653,0.16705101303141728,0.16705101303141728,157,293
S2,mBle_m_ble_object_len_mean,0,1,16.945986424392984,21.2030384492678,4.257052024874817,0.2757088606291838,0.2757088606291838,140,276
S2,mBle_m_ble_object_len_max,0,1,51.31428571428572,58.26086956521739,6.946583850931674,0.1842029723438641,0.1842029723438641,140,276
S2,mBle_m_ble_object_len_sum,0,1,663.4642857142857,692.268115942029,28.803830227743333,0.040138909337784655,0.040138909337784655,140,276
S2,mBle_m_ble_object_len_count,0,1,36.90714285714286,30.880434782608695,-6.026708074534163,-0.3616797510733229,0.3616797510733229,140,276
S2,mGps_m_gps_object_len_mean,0,1,10.367760004846424,10.405507511820733,0.037747506974309175,0.017599186942633196,0.017599186942633196,144,281
S2,mGps_m_gps_object_len_max,0,1,18.3125,18.97864768683274,0.6661476868327405,0.2859496649217531,0.2859496649217531,144,281
S2,mGps_m_gps_object_len_sum,0,1,12103.111111111111,12913.092526690392,809.981415579281,0.19000038007960315,0.19000038007960315,144,281
S2,mGps_m_gps_object_len_count,0,1,1154.548611111111,1234.7686832740214,80.22007216291036,0.25206710350553485,0.25206710350553485,144,281
S2,mLight_m_light_mean,0,1,188.61696921459568,185.14034161609007,-3.4766275985056154,-0.019611426852559437,0.019611426852559437,157,293
S2,mLight_m_light_std,0,1,599.561285305233,546.3956701791886,-53.16561512604437,-0.055337474905947995,0.055337474905947995,157,293
S2,mLight_m_light_min,0,1,0.0,0.030716723549488054,0.030716723549488054,0.07240001172558506,0.07240001172558506,157,293
S2,mLight_m_light_max,0,1,5715.395243055502,4933.386582410376,-782.0086606451259,-0.07343562811227264,0.07343562811227264,157,293
S2,mLight_m_light_sum,0,1,25364.045777273786,25229.419026768654,-134.6267505051328,-0.005652780762794489,0.005652780762794489,157,293
S2,mLight_m_light_median,0,1,39.114124405156275,41.71695400952479,2.602829604368516,0.046505601197084814,0.046505601197084814,157,293
S2,mLight_m_light_count,0,1,135.8535031847134,138.19112627986348,2.337623095150093,0.13805275305498702,0.13805275305498702,157,293
S2,mScreenStatus_m_screen_use_value_0_count,0,1,984.5222929936306,1067.4539249146758,82.93163192104521,0.42137938429406885,0.42137938429406885,157,293
S2,mScreenStatus_m_screen_use_value_1_count,0,1,337.37579617834393,283.9283276450512,-53.44746853329275,-0.36666501881017705,0.36666501881017705,157,293
S2,mUsageStats_m_usage_stats_object_len_mean,0,1,3.636605980595049,3.476707272369833,-0.1598987082252159,-0.22725545552199047,0.22725545552199047,154,286
S2,mUsageStats_m_usage_stats_object_len_max,0,1,9.75974025974026,9.237762237762238,-0.5219780219780219,-0.21955948269437683,0.21955948269437683,154,286
S2,mUsageStats_m_usage_stats_object_len_sum,0,1,237.71428571428572,225.6153846153846,-12.09890109890111,-0.15669419921745853,0.15669419921745853,154,286
S2,mUsageStats_m_usage_stats_object_len_count,0,1,65.83766233766234,64.89160839160839,-0.9460539460539508,-0.053161442197845854,0.053161442197845854,154,286
S2,mWifi_m_wifi_object_len_mean,0,1,14.679067447575575,16.54399645956616,1.8649290119905846,0.28859586754069694,0.28859586754069694,152,287
S2,mWifi_m_wifi_object_len_max,0,1,59.66447368421053,59.80487804878049,0.1404043645699602,0.004633038418078772,0.004633038418078772,152,287
S2,mWifi_m_wifi_object_len_sum,0,1,1542.6513157894738,1955.8919860627177,413.24067027324395,0.4067589344321804,0.4067589344321804,152,287
S2,mWifi_m_wifi_object_len_count,0,1,104.875,114.73170731707317,9.856707317073173,0.30124563566765294,0.30124563566765294,152,287
S2,wHr_heart_rate_object_len_mean,0,1,49.50567790340897,50.91984242105134,1.4141645176423694,0.10528328655331061,0.10528328655331061,133,258
S2,wHr_heart_rate_object_len_max,0,1,58.766917293233085,59.1937984496124,0.42688115637931645,0.0525903277850206,0.0525903277850206,133,258
S2,wHr_heart_rate_object_len_sum,0,1,31647.353383458645,32986.51550387597,1339.1621204173243,0.0880557439891178,0.0880557439891178,133,258
S2,wHr_heart_rate_object_len_count,0,1,597.421052631579,620.7364341085271,23.31538147694812,0.0972369632014565,0.0972369632014565,133,258
S2,wLight_w_light_mean,0,1,221.5774103303577,200.13068462511558,-21.44672570524213,-0.10884712226342784,0.10884712226342784,140,274
S2,wLight_w_light_std,0,1,875.3122647188964,870.5248370120963,-4.787427706800031,-0.004756762248312991,0.004756762248312991,140,274
S2,wLight_w_light_min,0,1,0.0,0.058394160583941604,0.058394160583941604,0.09842142757767118,0.09842142757767118,140,274
S2,wLight_w_light_max,0,1,17019.55,17568.554744525547,549.0047445255477,0.02413125258603145,0.02413125258603145,140,274
S2,wLight_w_light_sum,0,1,191781.15,198294.03649635037,6512.886496350373,0.037139474602040465,0.037139474602040465,140,274
S2,wLight_w_light_median,0,1,58.19642857142857,45.277372262773724,-12.919056308654845,-0.19793365607167338,0.19793365607167338,140,274
S2,wLight_w_light_count,0,1,931.3714285714286,983.7226277372263,52.35119916579765,0.16301759929498777,0.16301759929498777,140,274
S2,wPedo_step_mean,0,1,3.927744050644641,3.672198424496784,-0.25554562614785725,-0.09638237313430466,0.09638237313430466,135,269
S2,wPedo_step_std,0,1,14.304312753329995,13.41278986877171,-0.8915228845582845,-0.12952177015957675,0.12952177015957675,135,269
S2,wPedo_step_min,0,1,0.0,0.0,0.0,,,135,269
S2,wPedo_step_max,0,1,116.88888888888889,115.98884758364312,-0.9000413052457645,-0.01869281827146872,0.01869281827146872,135,269
S2,wPedo_step_sum,0,1,4083.2444444444445,4015.1486988847582,-68.09574555968629,-0.025188177782014966,0.025188177782014966,135,269
S2,wPedo_step_median,0,1,0.0,0.0,0.0,,,135,269
S2,wPedo_step_count,0,1,1104.2740740740742,1153.1263940520446,48.85231997797041,0.16126691051937486,0.16126691051937486,135,269
S2,wPedo_step_frequency_mean,0,1,0.06546240084407737,0.0612033070749464,-0.004259093769130966,-0.09638237313430494,0.09638237313430494,135,269
S2,wPedo_step_frequency_std,0,1,0.2384052125554999,0.2235464978128619,-0.014858714742638002,-0.1295217701595761,0.1295217701595761,135,269
S2,wPedo_step_frequency_min,0,1,0.0,0.0,0.0,,,135,269
S2,wPedo_step_frequency_max,0,1,1.9481481481481482,1.9331474597273852,-0.015000688420762964,-0.018692818271468993,0.018692818271468993,135,269
S2,wPedo_step_frequency_sum,0,1,68.05407407407407,66.91914498141264,-1.134929092661423,-0.02518817778201463,0.02518817778201463,135,269
S2,wPedo_step_frequency_median,0,1,0.0,0.0,0.0,,,135,269
S2,wPedo_step_frequency_count,0,1,1104.2740740740742,1153.1263940520446,48.85231997797041,0.16126691051937486,0.16126691051937486,135,269
S2,wPedo_running_step_mean,0,1,0.0,0.0,0.0,,,135,269
S2,wPedo_running_step_std,0,1,0.0,0.0,0.0,,,135,269
S2,wPedo_running_step_min,0,1,0.0,0.0,0.0,,,135,269
S2,wPedo_running_step_max,0,1,0.0,0.0,0.0,,,135,269
S2,wPedo_running_step_sum,0,1,0.0,0.0,0.0,,,135,269
S2,wPedo_running_step_median,0,1,0.0,0.0,0.0,,,135,269
S2,wPedo_running_step_count,0,1,1104.2740740740742,1153.1263940520446,48.85231997797041,0.16126691051937486,0.16126691051937486,135,269
S2,wPedo_walking_step_mean,0,1,0.0,0.0,0.0,,,135,269
S2,wPedo_walking_step_std,0,1,0.0,0.0,0.0,,,135,269
S2,wPedo_walking_step_min,0,1,0.0,0.0,0.0,,,135,269
S2,wPedo_walking_step_max,0,1,0.0,0.0,0.0,,,135,269
S2,wPedo_walking_step_sum,0,1,0.0,0.0,0.0,,,135,269
S2,wPedo_walking_step_median,0,1,0.0,0.0,0.0,,,135,269
S2,wPedo_walking_step_count,0,1,1104.2740740740742,1153.1263940520446,48.85231997797041,0.16126691051937486,0.16126691051937486,135,269
S2,wPedo_distance_mean,0,1,2.932040774568874,2.736561074943418,-0.19547969962545597,-0.0985068909856141,0.0985068909856141,135,269
S2,wPedo_distance_std,0,1,10.770495408699793,10.097596044801831,-0.6728993638979617,-0.12768960911153954,0.12768960911153954,135,269
S2,wPedo_distance_min,0,1,0.0,0.0,0.0,,,135,269
S2,wPedo_distance_max,0,1,90.15913365681966,90.67313021620853,0.5139965593888718,0.01283337916319633,0.01283337916319633,135,269
S2,wPedo_distance_sum,0,1,3051.9024951369674,2994.5626955422326,-57.339799594734814,-0.028511052022792575,0.028511052022792575,135,269
S2,wPedo_distance_median,0,1,0.0,0.0,0.0,,,135,269
S2,wPedo_distance_count,0,1,1104.2740740740742,1153.1263940520446,48.85231997797041,0.16126691051937486,0.16126691051937486,135,269
S2,wPedo_speed_mean,0,1,0.048867346242814566,0.04560935124905697,-0.003257994993757597,-0.09850689098561402,0.09850689098561402,135,269
S2,wPedo_speed_std,0,1,0.17950825681166319,0.16829326741336384,-0.011214989398299346,-0.12768960911153937,0.12768960911153937,135,269
S2,wPedo_speed_min,0,1,0.0,0.0,0.0,,,135,269
S2,wPedo_speed_max,0,1,1.502652227613661,1.5112188369368087,0.008566609323147789,0.01283337916319622,0.01283337916319622,135,269
S2,wPedo_speed_sum,0,1,50.865041585616126,49.90937825903721,-0.9556633265789145,-0.028511052022792603,0.028511052022792603,135,269
S2,wPedo_speed_median,0,1,0.0,0.0,0.0,,,135,269
S2,wPedo_speed_count,0,1,1104.2740740740742,1153.1263940520446,48.85231997797041,0.16126691051937486,0.16126691051937486,135,269
S2,wPedo_burned_calories_mean,0,1,0.19288585088981233,0.16837838613767395,-0.024507464752138386,-0.15682441645027173,0.15682441645027173,135,269
S2,wPedo_burned_calories_std,0,1,1.6221842370433848,1.4174040731627484,-0.20478016388063636,-0.10295912899548552,0.10295912899548552,135,269
S2,wPedo_burned_calories_min,0,1,0.0,0.0,0.0,,,135,269
S2,wPedo_burned_calories_max,0,1,41.63569997457994,36.622707433472335,-5.012992541107607,-0.07849206447759884,0.07849206447759884,135,269
S2,wPedo_burned_calories_sum,0,1,195.109913266257,183.85460154346595,-11.255311722791049,-0.07577241068856856,0.07577241068856856,135,269
S2,wPedo_burned_calories_median,0,1,0.0,0.0,0.0,,,135,269
S2,wPedo_burned_calories_count,0,1,1104.2740740740742,1153.1263940520446,48.85231997797041,0.16126691051937486,0.16126691051937486,135,269
S3,mACStatus_m_charging_value_0_count,0,1,933.2171052631579,968.4496644295302,35.23255916637231,0.13867860121399397,0.13867860121399397,152,298
S3,mACStatus_m_charging_value_1_count,0,1,387.8421052631579,384.7248322147651,-3.1172730483928035,-0.01273252651259952,0.01273252651259952,152,298
S3,mActivity_m_activity_value_0_count,0,1,98.57894736842105,98.77852348993288,0.19957612151182502,0.00254116068171118,0.00254116068171118,152,298
S3,mActivity_m_activity_value_1_count,0,1,1.769736842105263,1.3758389261744965,-0.3938979159307665,-0.12533901141681983,0.12533901141681983,152,298
S3,mActivity_m_activity_value_3_count,0,1,1073.296052631579,1134.9228187919464,61.626766160367424,0.20255152007427213,0.20255152007427213,152,298
S3,mActivity_m_activity_value_4_count,0,1,131.29605263157896,102.87248322147651,-28.423569410102445,-0.11330125399387364,0.11330125399387364,152,298
S3,mActivity_m_activity_value_7_count,0,1,46.23684210526316,43.02348993288591,-3.213352172377249,-0.0911149159077954,0.0911149159077954,152,298
S3,mActivity_m_activity_value_8_count,0,1,1.125,1.3523489932885906,0.2273489932885906,0.0663365829709511,0.0663365829709511,152,298
S3,mAmbience_m_ambience_object_len_mean,0,1,10.0,10.0,0.0,,,152,298
S3,mAmbience_m_ambience_object_len_max,0,1,10.0,10.0,0.0,,,152,298
S3,mAmbience_m_ambience_object_len_sum,0,1,6695.394736842105,6857.51677852349,162.12204168138487,0.18044562023886415,0.18044562023886415,152,298
S3,mAmbience_m_ambience_object_len_count,0,1,669.5394736842105,685.751677852349,16.21220416813844,0.18044562023886365,0.18044562023886365,152,298
S3,mBle_m_ble_object_len_mean,0,1,15.888470350266823,21.80375623195888,5.915285881692055,0.38310472157905373,0.38310472157905373,143,273
S3,mBle_m_ble_object_len_max,0,1,47.3006993006993,60.43956043956044,13.138861138861138,0.3484039532131913,0.3484039532131913,143,273
S3,mBle_m_ble_object_len_sum,0,1,575.7762237762238,738.5164835164835,162.74025974025972,0.22678291323318858,0.22678291323318858,143,273
S3,mBle_m_ble_object_len_count,0,1,34.12587412587413,32.27106227106227,-1.8548118548118566,-0.11131249127046096,0.11131249127046096,143,273
S3,mGps_m_gps_object_len_mean,0,1,10.596043976450794,10.28742383905052,-0.3086201374002737,-0.1438893301235813,0.1438893301235813,145,280
S3,mGps_m_gps_object_len_max,0,1,18.551724137931036,18.857142857142858,0.30541871921182207,0.131103630840018,0.131103630840018,145,280
S3,mGps_m_gps_object_len_sum,0,1,12763.082758620689,12574.214285714286,-188.86847290640253,-0.044303586412049324,0.044303586412049324,145,280
S3,mGps_m_gps_object_len_count,0,1,1190.8413793103448,1216.2607142857144,25.419334975369566,0.07987250531595488,0.07987250531595488,145,280
S3,mLight_m_light_mean,0,1,180.04139482112356,189.5727927764937,9.531397955370153,0.0537659868674814,0.0537659868674814,152,298
S3,mLight_m_light_std,0,1,628.2527769123944,532.6531243783218,-95.59965253407267,-0.0995049781814722,0.0995049781814722,152,298
S3,mLight_m_light_min,0,1,0.0,0.030201342281879196,0.030201342281879196,0.07118524642817592,0.07118524642817592,152,298
S3,mLight_m_light_max,0,1,6087.112886315898,4756.906587536703,-1330.206298779195,-0.1249149018236777,0.1249149018236777,152,298
S3,mLight_m_light_sum,0,1,24295.37367063604,25776.772362209806,1481.398691573766,0.06220176892286976,0.06220176892286976,152,298
S3,mLight_m_light_median,0,1,31.585518314650184,45.51337675360225,13.927858438952068,0.24885356652015803,0.24885356652015803,152,298
S3,mLight_m_light_count,0,1,135.66447368421052,138.248322147651,2.5838484634404892,0.15259405786797903,0.15259405786797903,152,298
S3,mScreenStatus_m_screen_use_value_0_count,0,1,1004.9473684210526,1055.6442953020135,50.69692688096086,0.257593385537607,0.257593385537607,152,298
S3,mScreenStatus_m_screen_use_value_1_count,0,1,314.8092105263158,296.33557046979865,-18.473640056517127,-0.12673448836208123,0.12673448836208123,152,298
S3,mUsageStats_m_usage_stats_object_len_mean,0,1,3.6089862060802163,3.492798213810717,-0.11618799226949905,-0.16513175999020716,0.16513175999020716,151,289
S3,mUsageStats_m_usage_stats_object_len_max,0,1,9.827814569536423,9.207612456747405,-0.620202112789018,-0.2608754570429977,0.2608754570429977,151,289
S3,mUsageStats_m_usage_stats_object_len_sum,0,1,227.19205298013244,231.23875432525952,4.046701345127076,0.052409274326946226,0.052409274326946226,151,289
S3,mUsageStats_m_usage_stats_object_len_count,0,1,63.6953642384106,66.02076124567473,2.3253970072641366,0.13067062307001504,0.13067062307001504,151,289
S3,mWifi_m_wifi_object_len_mean,0,1,14.692090492281498,16.530692956918294,1.8386024646367964,0.28452186111789585,0.28452186111789585,151,288
S3,mWifi_m_wifi_object_len_max,0,1,57.77483443708609,60.795138888888886,3.0203044518027937,0.09966347273003905,0.09966347273003905,151,288
S3,mWifi_m_wifi_object_len_sum,0,1,1581.7350993377484,1933.9652777777778,352.2301784400295,0.34670540042050557,0.34670540042050557,151,288
S3,mWifi_m_wifi_object_len_count,0,1,107.55629139072848,113.29166666666667,5.735375275938196,0.17528741751313137,0.17528741751313137,151,288
S3,wHr_heart_rate_object_len_mean,0,1,50.976793508876455,50.15830418519531,-0.8184893236811419,-0.06093579985277185,0.06093579985277185,134,257
S3,wHr_heart_rate_object_len_max,0,1,59.05223880597015,59.04669260700389,-0.005546198966257521,-0.0006832731247037025,0.0006832731247037025,134,257
S3,wHr_heart_rate_object_len_sum,0,1,31084.940298507463,33284.96887159533,2200.0285730878677,0.1446614639459774,0.1446614639459774,134,257
S3,wHr_heart_rate_object_len_count,0,1,580.7014925373135,629.5447470817121,48.84325454439863,0.20370113821507732,0.20370113821507732,134,257
S3,wLight_w_light_mean,0,1,217.09300993881746,202.36824407384057,-14.724765864976888,-0.07473161229519223,0.07473161229519223,141,273
S3,wLight_w_light_std,0,1,973.2790167340902,819.909088067594,-153.3699286664962,-0.15238753071320651,0.15238753071320651,141,273
S3,wLight_w_light_min,0,1,0.0,0.05860805860805861,0.05860805860805861,0.09878194562740623,0.09878194562740623,141,273
S3,wLight_w_light_max,0,1,18987.390070921985,16554.20879120879,-2433.1812797131934,-0.10694937090043673,0.10694937090043673,141,273
S3,wLight_w_light_sum,0,1,194867.7730496454,196723.7032967033,1855.9302470578987,0.010583367960180307,0.010583367960180307,141,273
S3,wLight_w_light_median,0,1,48.40780141843972,50.285714285714285,1.877912867274567,0.028771618508596504,0.028771618508596504,141,273
S3,wLight_w_light_count,0,1,941.3617021276596,978.7545787545788,37.39287662691925,0.11643853580409495,0.11643853580409495,141,273
S3,wPedo_step_mean,0,1,3.988784976723947,3.640268903702256,-0.34851607302169096,-0.1314473923879399,0.1314473923879399,136,268
S3,wPedo_step_std,0,1,14.04194099357064,13.542607168931093,-0.499333824639546,-0.0725439604390071,0.0725439604390071,136,268
S3,wPedo_step_min,0,1,0.0,0.0,0.0,,,136,268
S3,wPedo_step_max,0,1,117.30147058823529,115.77611940298507,-1.5253511852502157,-0.031679782183180946,0.031679782183180946,136,268
S3,wPedo_step_sum,0,1,4058.9632352941176,4027.216417910448,-31.746817383669622,-0.011742943317540167,0.011742943317540167,136,268
S3,wPedo_step_median,0,1,0.0,0.0,0.0,,,136,268
S3,wPedo_step_count,0,1,1067.639705882353,1171.8992537313434,104.25954784899045,0.3441722968599158,0.3441722968599158,136,268
S3,wPedo_step_frequency_mean,0,1,0.06647974961206578,0.0606711483950376,-0.005808601217028177,-0.1314473923879398,0.1314473923879398,136,268
S3,wPedo_step_frequency_std,0,1,0.23403234989284397,0.2257101194821849,-0.008322230410659076,-0.07254396043900689,0.07254396043900689,136,268
S3,wPedo_step_frequency_min,0,1,0.0,0.0,0.0,,,136,268
S3,wPedo_step_frequency_max,0,1,1.9550245098039216,1.9296019900497512,-0.025422519754170425,-0.031679782183181154,0.031679782183181154,136,268
S3,wPedo_step_frequency_sum,0,1,67.64938725490195,67.1202736318408,-0.52911362306115,-0.011742943317539936,0.011742943317539936,136,268
S3,wPedo_step_frequency_median,0,1,0.0,0.0,0.0,,,136,268
S3,wPedo_step_frequency_count,0,1,1067.639705882353,1171.8992537313434,104.25954784899045,0.3441722968599158,0.3441722968599158,136,268
S3,wPedo_running_step_mean,0,1,0.0,0.0,0.0,,,136,268
S3,wPedo_running_step_std,0,1,0.0,0.0,0.0,,,136,268
S3,wPedo_running_step_min,0,1,0.0,0.0,0.0,,,136,268
S3,wPedo_running_step_max,0,1,0.0,0.0,0.0,,,136,268
S3,wPedo_running_step_sum,0,1,0.0,0.0,0.0,,,136,268
S3,wPedo_running_step_median,0,1,0.0,0.0,0.0,,,136,268
S3,wPedo_running_step_count,0,1,1067.639705882353,1171.8992537313434,104.25954784899045,0.3441722968599158,0.3441722968599158,136,268
S3,wPedo_walking_step_mean,0,1,0.0,0.0,0.0,,,136,268
S3,wPedo_walking_step_std,0,1,0.0,0.0,0.0,,,136,268
S3,wPedo_walking_step_min,0,1,0.0,0.0,0.0,,,136,268
S3,wPedo_walking_step_max,0,1,0.0,0.0,0.0,,,136,268
S3,wPedo_walking_step_sum,0,1,0.0,0.0,0.0,,,136,268
S3,wPedo_walking_step_median,0,1,0.0,0.0,0.0,,,136,268
S3,wPedo_walking_step_count,0,1,1067.639705882353,1171.8992537313434,104.25954784899045,0.3441722968599158,0.3441722968599158,136,268
S3,wPedo_distance_mean,0,1,2.9619841859927907,2.7206365090729774,-0.2413476769198133,-0.1216208606086649,0.1216208606086649,136,268
S3,wPedo_distance_std,0,1,10.53199639267519,10.216114577695294,-0.3158818149798961,-0.05994183921734685,0.05994183921734685,136,268
S3,wPedo_distance_min,0,1,0.0,0.0,0.0,,,136,268
S3,wPedo_distance_max,0,1,90.7266855169745,90.38703672209782,-0.3396487948766804,-0.008480293666085395,0.008480293666085395,136,268
S3,wPedo_distance_sum,0,1,3017.262333438677,3011.927330584668,-5.3350028540089625,-0.0026527219311447236,0.0026527219311447236,136,268
S3,wPedo_distance_median,0,1,0.0,0.0,0.0,,,136,268
S3,wPedo_distance_count,0,1,1067.639705882353,1171.8992537313434,104.25954784899045,0.3441722968599158,0.3441722968599158,136,268
S3,wPedo_speed_mean,0,1,0.04936640309987984,0.04534394181788296,-0.004022461281996875,-0.12162086060866448,0.12162086060866448,136,268
S3,wPedo_speed_std,0,1,0.17553327321125314,0.17026857629492154,-0.005264696916331607,-0.059941839217346915,0.059941839217346915,136,268
S3,wPedo_speed_min,0,1,0.0,0.0,0.0,,,136,268
S3,wPedo_speed_max,0,1,1.5121114252829084,1.5064506120349639,-0.0056608132479445405,-0.008480293666085196,0.008480293666085196,136,268
S3,wPedo_speed_sum,0,1,50.287705557311284,50.198788843077814,-0.08891671423346992,-0.002652721931144342,0.002652721931144342,136,268
S3,wPedo_speed_median,0,1,0.0,0.0,0.0,,,136,268
S3,wPedo_speed_count,0,1,1067.639705882353,1171.8992537313434,104.25954784899045,0.3441722968599158,0.3441722968599158,136,268
S3,wPedo_burned_calories_mean,0,1,0.19066183635530798,0.16941554476431742,-0.021246291590990563,-0.1359560164295935,0.1359560164295935,136,268
S3,wPedo_burned_calories_std,0,1,1.454743147986064,1.5016100729684014,0.046866924982337466,0.023563697203069313,0.023563697203069313,136,268
S3,wPedo_burned_calories_min,0,1,0.0,0.0,0.0,,,136,268
S3,wPedo_burned_calories_max,0,1,35.15719940280542,39.89159954250304,4.73440013969762,0.07412994094457431,0.07412994094457431,136,268
S3,wPedo_burned_calories_sum,0,1,185.2066585435258,188.8381363590206,3.6314778154948044,0.02444764171967896,0.02444764171967896,136,268
S3,wPedo_burned_calories_median,0,1,0.0,0.0,0.0,,,136,268
S3,wPedo_burned_calories_count,0,1,1067.639705882353,1171.8992537313434,104.25954784899045,0.3441722968599158,0.3441722968599158,136,268
S4,mACStatus_m_charging_value_0_count,0,1,979.6363636363636,938.4087301587301,-41.2276334776335,-0.16227576643079628,0.16227576643079628,198,252
S4,mACStatus_m_charging_value_1_count,0,1,364.6161616161616,402.4047619047619,37.78860028860032,0.1543478378631916,0.1543478378631916,198,252
S4,mActivity_m_activity_value_0_count,0,1,98.47979797979798,98.89285714285714,0.4130591630591596,0.005259395244456992,0.005259395244456992,198,252
S4,mActivity_m_activity_value_1_count,0,1,1.5909090909090908,1.4444444444444444,-0.1464646464646464,-0.04660530876893353,0.04660530876893353,198,252
S4,mActivity_m_activity_value_3_count,0,1,1100.7929292929293,1124.5674603174602,23.774531024530916,0.07814084200914313,0.07814084200914313,198,252
S4,mActivity_m_activity_value_4_count,0,1,127.04040404040404,101.02777777777777,-26.01262626262627,-0.10369081844386498,0.10369081844386498,198,252
S4,mActivity_m_activity_value_7_count,0,1,44.484848484848484,43.81349206349206,-0.6713564213564212,-0.019036377152148426,0.019036377152148426,198,252
S4,mActivity_m_activity_value_8_count,0,1,0.9090909090909091,1.5634920634920635,0.6544011544011544,0.1909431656031745,0.1909431656031745,198,252
S4,mAmbience_m_ambience_object_len_mean,0,1,10.0,10.0,0.0,,,198,252
S4,mAmbience_m_ambience_object_len_max,0,1,10.0,10.0,0.0,,,198,252
S4,mAmbience_m_ambience_object_len_sum,0,1,6797.020202020202,6807.261904761905,10.241702741702284,0.011399254440432714,0.011399254440432714,198,252
S4,mAmbience_m_ambience_object_len_count,0,1,679.7020202020202,680.7261904761905,1.0241702741702738,0.01139925444043322,0.01139925444043322,198,252
S4,mBle_m_ble_object_len_mean,0,1,18.229907189405257,20.911226522544773,2.681319333139516,0.17365620481103655,0.17365620481103655,177,239
S4,mBle_m_ble_object_len_max,0,1,52.3728813559322,58.55230125523013,6.179419899297926,0.1638600407391376,0.1638600407391376,177,239
S4,mBle_m_ble_object_len_sum,0,1,708.4406779661017,663.418410041841,-45.022267924260746,-0.06273973690668204,0.06273973690668204,177,239
S4,mBle_m_ble_object_len_count,0,1,35.293785310734464,31.14225941422594,-4.151525896508524,-0.24914477924828263,0.24914477924828263,177,239
S4,mGps_m_gps_object_len_mean,0,1,10.614015185803533,10.226972377379704,-0.38704280842382843,-0.1804526785010915,0.1804526785010915,182,243
S4,mGps_m_gps_object_len_max,0,1,18.675824175824175,18.810699588477366,0.1348754126531908,0.057896439208152385,0.057896439208152385,182,243
S4,mGps_m_gps_object_len_sum,0,1,12808.401098901099,12511.514403292182,-296.88669560891685,-0.06964182624601264,0.06964182624601264,182,243
S4,mGps_m_gps_object_len_count,0,1,1196.2362637362637,1216.0905349794239,19.854271243160156,0.062385990308177375,0.062385990308177375,182,243
S4,mLight_m_light_mean,0,1,182.10831178320814,189.6886449489313,7.580333165723175,0.04276015914431286,0.04276015914431286,198,252
S4,mLight_m_light_std,0,1,524.2134742154686,596.9475605585758,72.73408634310715,0.07570533451510934,0.07570533451510934,198,252
S4,mLight_m_light_min,0,1,0.0,0.03571428571428571,0.03571428571428571,0.08417937871268422,0.08417937871268422,198,252
S4,mLight_m_light_max,0,1,4776.632515791691,5543.754300314283,767.121784522592,0.07203765497756848,0.07203765497756848,198,252
S4,mLight_m_light_sum,0,1,24765.968844223506,25677.43305840852,911.4642141850127,0.038271052050121324,0.038271052050121324,198,252
S4,mLight_m_light_median,0,1,36.325865032094896,44.33120547637107,8.005340444276172,0.14303401556657994,0.14303401556657994,198,252
S4,mLight_m_light_count,0,1,137.23737373737373,137.484126984127,0.24675324675325783,0.014572479673998323,0.014572479673998323,198,252
S4,mScreenStatus_m_screen_use_value_0_count,0,1,1019.8737373737374,1053.170634920635,33.296897546897526,0.16918304707391002,0.16918304707391002,198,252
S4,mScreenStatus_m_screen_use_value_1_count,0,1,321.1363636363636,287.9920634920635,-33.14430014430013,-0.22737943946381436,0.22737943946381436,198,252
S4,mUsageStats_m_usage_stats_object_len_mean,0,1,3.4820362019391826,3.5729736389031395,0.09093743696395684,0.12924450041296387,0.12924450041296387,195,245
S4,mUsageStats_m_usage_stats_object_len_max,0,1,9.461538461538462,9.387755102040817,-0.0737833594976447,-0.031035475749280124,0.031035475749280124,195,245
S4,mUsageStats_m_usage_stats_object_len_sum,0,1,236.00512820512822,224.95102040816326,-11.054107796964956,-0.14316296621899066,0.14316296621899066,195,245
S4,mUsageStats_m_usage_stats_object_len_count,0,1,67.98461538461538,63.02448979591837,-4.960125588697011,-0.27872346062022024,0.27872346062022024,195,245
S4,mWifi_m_wifi_object_len_mean,0,1,14.95283800309364,16.613035413369104,1.6601974102754635,0.2569138604347503,0.2569138604347503,189,250
S4,mWifi_m_wifi_object_len_max,0,1,60.423280423280424,59.252,-1.1712804232804217,-0.03864970448762523,0.03864970448762523,189,250
S4,mWifi_m_wifi_object_len_sum,0,1,1645.904761904762,1938.992,293.08723809523804,0.28849012509940414,0.28849012509940414,189,250
S4,mWifi_m_wifi_object_len_count,0,1,108.4074074074074,113.52,5.112592592592591,0.15625362059777748,0.15625362059777748,189,250
S4,wHr_heart_rate_object_len_mean,0,1,49.48213051368515,51.12997842088227,1.647847907197118,0.12268080640217405,0.12268080640217405,164,227
S4,wHr_heart_rate_object_len_max,0,1,58.28048780487805,59.60352422907489,1.323036424196843,0.16299365333944926,0.16299365333944926,164,227
S4,wHr_heart_rate_object_len_sum,0,1,33250.7256097561,32011.01321585903,-1239.7123938970653,-0.08151649117966205,0.08151649117966205,164,227
S4,wHr_heart_rate_object_len_count,0,1,627.2621951219512,602.3612334801762,-24.900961641774984,-0.10384963648294081,0.10384963648294081,164,227
S4,wLight_w_light_mean,0,1,200.02638072330242,212.8775343692287,12.851153645926274,0.06522259441133843,0.06522259441133843,177,237
S4,wLight_w_light_std,0,1,791.1423851853193,932.6384819584741,141.49609677315482,0.140589755633943,0.140589755633943,177,237
S4,wLight_w_light_min,0,1,0.062146892655367235,0.02109704641350211,-0.041049846241865126,-0.06918815903108155,0.06918815903108155,177,237
S4,wLight_w_light_max,0,1,15827.468926553673,18544.552742616033,2717.0838160623607,0.11942817710889186,0.11942817710889186,177,237
S4,wLight_w_light_sum,0,1,190636.02259887007,200166.03797468354,9530.01537581347,0.05434453129275579,0.05434453129275579,177,237
S4,wLight_w_light_median,0,1,47.91525423728814,50.938818565400844,3.0235643281127054,0.0463242149839003,0.0463242149839003,177,237
S4,wLight_w_light_count,0,1,964.7175141242938,966.9915611814346,2.2740470571408196,0.007081207266425374,0.007081207266425374,177,237
S4,wPedo_step_mean,0,1,4.0534841827487424,3.5447999835835056,-0.5086841991652369,-0.19185689471789816,0.19185689471789816,169,235
S4,wPedo_step_std,0,1,14.199124163208145,13.35944984177431,-0.8396743214338347,-0.12198913382188299,0.12198913382188299,169,235
S4,wPedo_step_min,0,1,0.0,0.0,0.0,,,169,235
S4,wPedo_step_max,0,1,115.70414201183432,116.71063829787234,1.0064962860380149,0.020903765256283884,0.020903765256283884,169,235
S4,wPedo_step_sum,0,1,4440.934911242603,3748.063829787234,-692.8710814553692,-0.2562885513077744,0.2562885513077744,169,235
S4,wPedo_step_median,0,1,0.0,0.0,0.0,,,169,235
S4,wPedo_step_count,0,1,1150.3846153846155,1127.0340425531915,-23.35057283142396,-0.07708282311013064,0.07708282311013064,169,235
S4,wPedo_step_frequency_mean,0,1,0.06755806971247905,0.05907999972639177,-0.008478069986087279,-0.19185689471789813,0.19185689471789813,169,235
S4,wPedo_step_frequency_std,0,1,0.23665206938680236,0.22265749736290522,-0.013994572023897145,-0.12198913382188212,0.12198913382188212,169,235
S4,wPedo_step_frequency_min,0,1,0.0,0.0,0.0,,,169,235
S4,wPedo_step_frequency_max,0,1,1.9284023668639059,1.945177304964539,0.01677493810063302,0.020903765256283183,0.020903765256283183,169,235
S4,wPedo_step_frequency_sum,0,1,74.01558185404339,62.467730496453896,-11.547851357589494,-0.25628855130777456,0.25628855130777456,169,235
S4,wPedo_step_frequency_median,0,1,0.0,0.0,0.0,,,169,235
S4,wPedo_step_frequency_count,0,1,1150.3846153846155,1127.0340425531915,-23.35057283142396,-0.07708282311013064,0.07708282311013064,169,235
S4,wPedo_running_step_mean,0,1,0.0,0.0,0.0,,,169,235
S4,wPedo_running_step_std,0,1,0.0,0.0,0.0,,,169,235
S4,wPedo_running_step_min,0,1,0.0,0.0,0.0,,,169,235
S4,wPedo_running_step_max,0,1,0.0,0.0,0.0,,,169,235
S4,wPedo_running_step_sum,0,1,0.0,0.0,0.0,,,169,235
S4,wPedo_running_step_median,0,1,0.0,0.0,0.0,,,169,235
S4,wPedo_running_step_count,0,1,1150.3846153846155,1127.0340425531915,-23.35057283142396,-0.07708282311013064,0.07708282311013064,169,235
S4,wPedo_walking_step_mean,0,1,0.0,0.0,0.0,,,169,235
S4,wPedo_walking_step_std,0,1,0.0,0.0,0.0,,,169,235
S4,wPedo_walking_step_min,0,1,0.0,0.0,0.0,,,169,235
S4,wPedo_walking_step_max,0,1,0.0,0.0,0.0,,,169,235
S4,wPedo_walking_step_sum,0,1,0.0,0.0,0.0,,,169,235
S4,wPedo_walking_step_median,0,1,0.0,0.0,0.0,,,169,235
S4,wPedo_walking_step_count,0,1,1150.3846153846155,1127.0340425531915,-23.35057283142396,-0.07708282311013064,0.07708282311013064,169,235
S4,wPedo_distance_mean,0,1,3.006482641582808,2.654744116166311,-0.3517385254164971,-0.17724944659231243,0.17724944659231243,169,235
S4,wPedo_distance_std,0,1,10.644204519470712,10.091062350789848,-0.5531421686808642,-0.10496444355783224,0.10496444355783224,169,235
S4,wPedo_distance_min,0,1,0.0,0.0,0.0,,,169,235
S4,wPedo_distance_max,0,1,89.61054133804592,91.14201525830208,1.5314739202561611,0.03823758182459836,0.03823758182459836,169,235
S4,wPedo_distance_sum,0,1,3299.7421986393674,2808.033065422545,-491.70913321682247,-0.24449239056137836,0.24449239056137836,169,235
S4,wPedo_distance_median,0,1,0.0,0.0,0.0,,,169,235
S4,wPedo_distance_count,0,1,1150.3846153846155,1127.0340425531915,-23.35057283142396,-0.07708282311013064,0.07708282311013064,169,235
S4,wPedo_speed_mean,0,1,0.05010804402638012,0.04424573526943851,-0.00586230875694161,-0.17724944659231218,0.17724944659231218,169,235
S4,wPedo_speed_std,0,1,0.17740340865784518,0.16818437251316412,-0.009219036144681059,-0.10496444355783212,0.10496444355783212,169,235
S4,wPedo_speed_min,0,1,0.0,0.0,0.0,,,169,235
S4,wPedo_speed_max,0,1,1.4935090223007654,1.519033587638368,0.02552456533760261,0.03823758182459825,0.03823758182459825,169,235
S4,wPedo_speed_sum,0,1,54.995703310656125,46.80055109037575,-8.195152220280377,-0.24449239056137845,0.24449239056137845,169,235
S4,wPedo_speed_median,0,1,0.0,0.0,0.0,,,169,235
S4,wPedo_speed_count,0,1,1150.3846153846155,1127.0340425531915,-23.35057283142396,-0.07708282311013064,0.07708282311013064,169,235
S4,wPedo_burned_calories_mean,0,1,0.1913958003660157,0.16590419352894592,-0.025491606837069775,-0.163121987812077,0.163121987812077,169,235
S4,wPedo_burned_calories_std,0,1,1.6490221785811008,1.3684758276656606,-0.2805463509154402,-0.1410527630496093,0.1410527630496093,169,235
S4,wPedo_burned_calories_min,0,1,0.0,0.0,0.0,,,169,235
S4,wPedo_burned_calories_max,0,1,44.97613050898857,33.4951563410778,-11.480974167910766,-0.1797659496325898,0.1797659496325898,169,235
S4,wPedo_burned_calories_sum,0,1,210.47049835676978,171.17962503762956,-39.29087331914022,-0.26451192670407425,0.26451192670407425,169,235
S4,wPedo_burned_calories_median,0,1,0.0,0.0,0.0,,,169,235
S4,wPedo_burned_calories_count,0,1,1150.3846153846155,1127.0340425531915,-23.35057283142396,-0.07708282311013064,0.07708282311013064,169,235
